f1 (Return),f2 (Risk),grade_A_pct,grade_B_pct,grade_C_pct,grade_D_pct,method,N,seed,tickers
-0.475391,5.643581,0.04,0.03,0.01,0.01,RANDOM,2653,0,"RAYA,MRM,GMGI,MMYT,CGON,MNDR,LEGN,AAPL,ORKA,CERS,COHU,GSRF,LX,PGEN,NTRS,RGP,CENTA,RCAT,CERT,FTCI,ADVB,PDLB,CWCO,CLST,DRDB,KMTS,OLPX,SCYX,BETR,PELI"
-0.523004,5.645661,0.01,0.03,0.01,0.02,RANDOM,2653,0,"FIBK,CTSH,PLTK,NCSM,GMGI,NSPR,DTI,MVBF,CFLT,EVLV,HQY,CFBK,MNDR,RLMD,AVPT,RDCM,CMMB,PSEC,HYNE,OPEN,MIDD,FAST,DARE,MDBH,RMBI,MSS,HTLD,FSUN,AHG,RDHL"
-0.532494,5.646913,0.03,0.02,0.01,0.02,RANDOM,2653,0,"CSPI,GEG,GLOO,ARBK,GMGI,AIFF,RCEL,CNXN,CMRC,QNRX,NWL,AUR,CCG,MRBK,CTOR,IHRT,JOYY,ARKR,PECO,JG,BULL,MFIC,CWCO,DSGN,OSUR,LYTS,FORR,PFX,COO,NVDA"
-0.58892,5.652603,0.01,0.04,0.01,0.01,RANDOM,2653,0,"DCOM,GNTX,APPN,GMGI,FENC,CLMT,OTEX,EDTK,CCEC,CRBU,IVA,ONCH,FSTR,CHCO,IPAR,INTC,GANX,OCC,CTNM,RDVT,DRIO,HRTX,ADVB,LIDR,SIMA,MRNA,ARAY,FRD,RIBB,ALOT"
-0.589099,5.653421,0.24,0.08,0.01,0.01,RANDOM,2653,0,"BRCB,PPSI,CLPT,MBCN,ARTV,GMGI,HCMA,HQY,IPEX,MRVI,DTST,MSAI,JAZZ,GOOG,WAY,MBAV,LMAT,ANSC,IDAI,TZOO,PDFS,LLYVA,AEIS,AIXC,AGEN,KMTS,GRRR,ASML,IKT,CVCO"
-0.614744,5.65532,0.16,0.05,0.02,0.01,RANDOM,2653,0,"AMSF,ICCM,MDCX,OMDA,GMGI,CLMT,MYRG,BOKF,LOKV,LNT,ATAT,PSEC,CRVS,ACOG,RAY,APRE,EDUC,NVEC,KLAC,HWBK,DARE,ITHA,IMNN,IVVD,RGNX,NGNE,OMSE,INGN,MCW,BITF"
-0.616648,5.663158,0.08,0.04,0.01,0.01,RANDOM,2653,0,"PAHC,INTR,GMGI,CHDN,PRQR,LPLA,NNNN,CGC,FITB,CNOB,NKTX,PSKY,OPCH,LBTYK,OCC,PGEN,RGP,CENTA,CNTX,PAGP,BTMD,DPZ,AGEN,CABA,LYTS,IART,OSW,DLXY,RIOT,BLKB"
-0.623307,5.672677,0.13,0.12,0.02,0.01,RANDOM,2653,0,"COGT,APPF,ARGX,DAIC,LASR,MU,GMGI,GECC,NXST,NMRA,CGON,ONMD,CTRN,ATLO,DEVS,MOLN,EYPT,BJRI,ATNI,LBRX,MYNZ,RCAT,CPZ,EXAS,DSGR,CACC,CABA,MGRC,SWKS,MBAI"
-0.626141,5.674505,0.04,0.02,0.02,0.02,RANDOM,2653,0,"NBN,NTHI,EDAP,COLAU,GMGI,BLBD,PDYN,FAT,ONEW,EGAN,CIFR,HTZ,CRSP,CHYM,JMSB,NMP,HHS,GRCE,CZR,KPRX,ABNB,GLBS,POCI,AIRG,BOF,ASTE,CHTR,LSE,HTHT,STRR"
-0.634166,5.693113,0.01,0.05,0.02,0.01,RANDOM,2653,0,"NTRB,ANY,ATLN,JCSE,LFVN,PENG,GILD,GMGI,PKBK,IRD,MYRG,BCML,BDCI,IOVA,OPCH,LNKS,HNRG,DGXX,INO,HUT,MBAV,NDLS,IDN,HBT,IPSC,HCHL,FRD,LONA,KYMR,LPTH"
-0.659887,5.699423,0.01,0.02,0.01,0.02,RANDOM,2653,0,"PMCB,CLFD,VTGN,FMAO,COLAU,GMGI,NMRA,BDMD,HERZ,CAKE,LCID,FIZZ,GELS,ICU,HKIT,FAST,HCAT,MBLY,RDI,AMIX,BEEM,ECOR,GDS,KRNT,BLBX,BLIV,CCB,PALI,CBC,BHST"
-0.679547,5.701088,0.05,0.04,0.01,0.01,RANDOM,2653,0,"JFU,PLMK,NVTS,REFR,ARTV,FBGL,GMGI,USEG,ASRV,ACFN,BNTX,OCGN,LGND,CURX,ELUT,LEGH,OPCH,LX,DCOY,LLYVK,CNVS,MRX,CRWV,PEPG,DSGN,ALTS,RAVE,PI,COIN,NEWT"
-0.718413,5.821449,0.06,0.02,0.0,0.01,RANDOM,2653,0,"BRCB,LUNG,CDIO,HURA,GMGI,GCTK,ECX,ONCO,CYCN,MOB,KLIC,REAX,IOVA,NCRA,LDWY,FTEK,GXAI,DGXX,GGR,AXON,ALLR,NCTY,FAMI,IMMP,LCFY,CPB,MLGO,ERIC,GLPI,DORM"
-0.731547,6.016671,0.1,0.03,0.03,0.01,RANDOM,2653,0,"BCAR,NBN,GO,AMOD,ANTA,PRLD,GMGI,EXE,LAND,HBCP,RXT,NN,MDLN,ATOM,BLRX,LIXT,AIOT,CELU,OYSE,CENX,AIFU,FTNT,EFSI,EM,PEGA,LINK,AIRG,VSEC,CASY,CZNC"
-0.809945,6.449871,0.05,0.02,0.02,0.01,RANDOM,2653,0,"ATPC,GMGI,ALM,LPSN,RXT,CRIS,CCLD,KELYA,MGN,RIME,PSKY,INVA,DCOY,GAUZ,DMAA,RGLD,OPTX,AWRE,CCHH,PAGP,PAYX,MBX,DMRC,EXAS,SFM,GDTC,IART,HYFM,ALAR,NUTX"
-0.487861,5.643041,0.09,0.03,0.01,0.01,RANDOM,2653,1,"ALHC,GMGI,CLMT,FRGT,NEO,LFUS,BSBK,INBX,MNDR,ABLV,NMFC,OYSE,LECO,ALRM,ABNB,DSP,EVRG,MSGM,NWSA,GYRE,ACIC,GIII,BCDA,SFM,HGBL,SDOT,PBYI,OXLC,IMTX,CRNT"
-0.529155,5.644056,0.11,0.04,0.01,0.01,RANDOM,2653,1,"LOAN,DNLI,BPOP,LOGI,GMGI,EVOX,CRWS,PAX,ECPG,BACC,ECBK,BUSE,MDWD,INKT,DXPE,ASTH,JAZZ,ALRM,NMIH,AMGN,GTIM,MSGY,IOBT,HUHU,APWC,CMND,ETON,FCFS,NFLX,INTA"
-0.604797,5.645818,0.08,0.03,0.03,0.01,RANDOM,2653,1,"NXGL,GNLN,CLFD,FGMC,MDCX,GMGI,LOCO,LITE,DRS,HCM,HBIO,JANX,RJET,IMKTA,AMLX,FUNC,KOSS,PEBK,BRNS,AVR,CNVS,CHEF,CBFV,HAFC,GWAV,NSYS,ETON,NFLX,DOO,BIOA"
-0.61593,5.651548,0.09,0.06,0.01,0.01,RANDOM,2653,1,"CSGS,MSFT,MAZE,INDB,FFIN,RGC,PHAT,GMGI,DMLP,POM,BOKF,ATGL,NKTX,GRAB,NTLA,GTERA,BELFB,BCTX,ACOG,CBIO,PEGA,ATEX,KITT,MDBH,BIIB,RANG,COKE,EPSN,AURA,KMRK"
-0.620435,5.667548,0.12,0.03,0.01,0.01,RANDOM,2653,1,"IBIO,INDB,FHTX,GMGI,BNTX,MBBC,LGIH,MATW,ESLT,FEBO,MXCT,GGAL,NOMA,BRR,MIRA,MGEE,NSSC,RCKT,DVLT,NDLS,SPOK,MORN,HUHU,HIT,GLPG,DASH,LUCD,GRAN,BOTJ,CCNE"
-0.644115,5.669522,0.06,0.05,0.02,0.01,RANDOM,2653,1,"PAA,TWIN,FKWL,SLAB,GMGI,CCSI,ASRV,BNTX,RRBI,HIND,GPRO,MDLN,ITRI,HOUR,PTON,MCHP,KLRS,CRUS,RCKT,PCYO,BAER,FDMT,BJDX,RECT,COKE,AKAM,LILAK,PPHC,COO,ERAS"
-0.671312,5.678561,0.11,0.02,0.01,0.01,RANDOM,2653,1,"INBS,ASPS,ASLE,GMGI,PGC,DMLP,FDSB,PROF,PFAI,EVLV,PRCH,OGI,LGN,PXS,ERIE,QCOM,ADI,NPAC,ASUR,ALLO,CMCSA,MBVI,FRPT,AMBR,KG,CINF,MSW,COO,CURR,PPC"
-0.687334,5.703737,0.02,0.08,0.02,0.02,RANDOM,2653,1,"GMGI,EBON,HUDI,NMRA,JUNS,CUE,PMN,GRAB,BJRI,IPOD,QTTB,LGHL,ANDE,FIVE,EDRY,KRUS,MCRI,KNDI,AMPL,ARCC,BCRX,MWYN,POWL,UONEK,QUMS,CHY,CDT,PFX,NKTR,BETR"
-0.730627,5.718952,0.04,0.06,0.01,0.02,RANDOM,2653,1,"CGCT,SILC,EURK,BDSX,NCSM,LOGI,GMGI,AIRJ,MLEC,GMAB,CTRN,DTIL,LBTYB,BLFY,FISV,FER,UPLD,CORZ,CRDL,MIDD,LXRX,AXTI,CDRO,HAS,CRWV,FSV,LBTYA,LSTR,BLKB,RLAY"
-0.73633,5.741157,0.07,0.02,0.01,0.01,RANDOM,2653,1,"UFCS,IDXX,INMB,GMGI,BTBT,ALIS,ARCT,ACB,GITS,EDTK,MDLN,HBIO,MBOT,AVAH,FATBB,GIFT,UCTT,AEHR,PLBL,CRBP,ACET,FSLY,KRUS,GLBS,LMNR,HUMA,PCAP,ICMB,FRPT,PLUR"
-0.75481,6.030757,0.02,0.02,0.03,0.01,RANDOM,2653,1,"ALHC,OXSQ,GMGI,BOKF,MLAB,FFIC,NCI,FER,BCAB,SAMG,MKTW,CCBG,NOMA,FIVN,CEVA,LLYVK,ESOA,ASPI,PRTC,IOBT,CV,AREC,FDMT,NRSN,KALV,EXFY,DBX,ERIC,CNET,ORBS"
-0.607769,5.642275,0.0,0.03,0.01,0.01,RANDOM,2653,2,"COGT,UFCS,PXLW,FKWL,MCBS,MEOH,GMGI,CURI,IAC,BACQ,AMKR,DERM,PTLE,KPLT,INVA,OPCH,KVHI,QETA,LBTYK,NNBR,OBA,KPTI,IOBT,DBX,BWAY,VEON,NIXX,BON,CLNN,LILA"
-0.619189,5.654711,0.2,0.02,0.02,0.01,RANDOM,2653,2,"AMRX,NXGL,ORRF,MSBI,BRID,JAKK,GMGI,CCRN,HUBG,EOLS,JL,FCNCA,CRBU,AIFU,CYTK,PPCB,KOSS,KPTI,RDAGU,PNTG,LLYVA,API,HELP,MGIH,NVCT,BSVN,NGNE,ALDX,CURR,PETS"
-0.653001,5.68055,0.02,0.02,0.01,0.01,RANDOM,2653,2,"CVBF,RBKB,LUNG,KINS,ONB,GMGI,PRPL,BLMN,AIFF,CG,PVLA,QTI,BGC,MKZR,CBUS,AGAE,DXCM,MLAC,GRCE,PKOH,INTC,RENT,ETOR,ITHA,RDI,NKLR,NMRK,BWAY,EVGN,RLYB"
-0.666955,5.708122,0.01,0.03,0.01,0.01,RANDOM,2653,2,"AEI,CVBF,CSX,OCUL,EMAT,INTR,ASPS,HLP,GMGI,PRPL,CHAR,GILT,INV,NUVL,IRD,DMII,HTZ,FFIC,CCC,CAPR,FATBB,AUBN,LWAY,NGEN,KFII,RELL,MGRC,OSW,MOMO,BLKB"
-0.68688,5.725448,0.04,0.03,0.01,0.01,RANDOM,2653,2,"BMR,HON,REFR,ARTV,CDIO,PBHC,GMGI,CCSI,PLBY,VISN,ORLY,EDTK,MDLN,LPRO,MPB,AGAE,CVRX,HTCR,MAMA,CASH,ICG,IPOD,MCGA,PLMR,OBA,CARG,IDN,LKSP,FRMI,PPC"
-0.722388,5.73729,0.13,0.04,0.0,0.01,RANDOM,2653,2,"CDIO,ASLE,GMGI,PRPL,NVMI,PVLA,PLTR,BAOS,IRDM,FLNT,CRIS,CVRX,CAKE,MAMA,ADGM,LOBO,MSTR,HNNA,BGL,ESHA,SPOK,TPG,PNTG,CMCSA,SBFM,AEIS,HYMC,KYNB,EXPE,PTGX"
-0.723158,6.009712,0.1,0.02,0.01,0.01,RANDOM,2653,2,"NATR,BIAF,JKHY,GMGI,KURA,AXIN,NTWO,IRD,FIP,IFRX,NCI,RAAQ,AGIO,FNLC,PTON,GSRF,GSAT,HOVR,EHLD,RGTI,GSHD,MDB,AEP,AAPG,MKSI,PEP,SVC,INGN,CDT,KALA"
-0.736533,6.451916,0.03,0.01,0.02,0.01,RANDOM,2653,2,"DNLI,REG,FIBK,GMGI,CAPT,CRWS,NAMM,MBRX,NCI,JRVR,OLOX,PKOH,AFBI,QCOM,OPEN,RENX,LIQT,CTLP,DSP,ANSC,TPG,PBM,RDGT,ETON,CHMG,EML,KELYB,INMD,CURR,ABVC"
-0.761074,6.553438,0.07,0.0,0.02,0.01,RANDOM,2653,2,"PRPO,PFG,FINW,ELOG,GMGI,AIRJ,ASMB,INV,ASRV,RXT,PTLE,DUO,BIDU,FNLC,BVC,ABSI,PULM,PEBK,POCI,GHRS,FTAI,BGIN,ITRM,GLIBK,PMTR,RIBB,QNCX,AVX,EWBC,LI"
-0.531594,5.63993,0.25,0.03,0.02,0.02,RANDOM,2653,3,"MBCN,NVTS,MELI,FDBC,GMGI,RGS,GYRO,RPAY,KVAC,INAC,BANX,COHU,MCGA,ADI,POWI,KRUS,WAY,CRUS,EA,KDK,PYPL,HAS,GBLI,CSBR,CRCT,CHAI,RAPP,BCBP,KROS,RLAY"
-0.56661,5.647913,0.01,0.04,0.02,0.02,RANDOM,2653,3,"FUFU,DXR,BTOG,FDBC,GMGI,CAPT,IRMD,DAKT,NUVL,ACB,RAIL,OMEX,ANGO,PXS,PTON,ORIO,GLBS,DGII,RDAGU,CAPN,GBLI,MDRR,CAEP,AMRN,KRT,KG,ALOT,EML,ADUS,PTGX"
-0.610567,5.654911,0.05,0.02,0.01,0.01,RANDOM,2653,3,"EURK,PRLD,GMGI,AIRJ,NMRA,GAIA,FLNT,AMAT,NWL,FOLD,NMP,FCHL,LDWY,CRBP,POWI,RGP,CRUS,HOTH,NTIC,ARVN,FOXX,PAYS,FWONK,CABA,FBLA,OKUR,CLBK,MDXG,FNGR,NEWT"
-0.634671,5.669642,0.05,0.02,0.01,0.01,RANDOM,2653,3,"ASND,IQST,KINS,GMGI,NSPR,FTHM,REAL,OCS,HERZ,KLIC,OFAL,HQI,NTLA,JF,EBMT,BANR,BNKK,FOX,JBLU,KOYN,LPBBU,GTIM,PDFS,BNZI,FOSL,BDTX,OSW,MASI,INEO,NXTC"
-0.665917,5.675177,0.02,0.05,0.01,0.01,RANDOM,2653,3,"EWCZ,LGO,REG,NBP,NDAQ,NVTS,GEG,ARTV,GMGI,BLBD,HUDI,DERM,DMII,FISV,FLYW,BCAB,EYPT,GTEN,MSAI,LITM,POET,IBCP,RBCAA,MIDD,FHB,CROX,GDYN,PZZA,KMRK,MCHX"
-0.667975,5.690706,0.08,0.08,0.01,0.02,RANDOM,2653,3,"LGO,LFWD,ANY,RILY,KC,GMGI,NMRA,QNRX,PRAX,ENPH,CNOB,CHW,FSLR,GPRE,ORIO,RDAG,UNB,PLSM,NSTS,HUMA,POWL,ASTE,LKQ,COKE,CCII,ANAB,EZPW,APEI,AMCI,LPTH"
-0.737212,5.737156,0.17,0.02,0.07,0.01,RANDOM,2653,3,"ORRF,RDNW,PIII,PPTA,CDIO,GMGI,PLBY,DMLP,GCT,CYN,MMTX,OFLX,AVAH,ADTN,HALO,MMTXU,GPAC,GSHD,MRX,LIDR,ATII,KRRO,FCFS,ASML,DJCO,FULC,OVLY,BANL,CZNC,BRAG"
-0.802978,6.103445,0.05,0.03,0.02,0.01,RANDOM,2653,3,"BMRC,BMM,CDIO,GMGI,HIND,NUVL,HTCO,IMDX,ECX,FEIM,MBRX,IFRX,ESEA,MAR,NYAX,PCTY,MGN,NCI,AFJK,ADTN,PLAB,GSIW,RAY,BWMN,ALXO,EHLD,NAMS,KTOS,MOMO,FROG"
-0.53386,5.643457,0.07,0.02,0.03,0.02,RANDOM,2653,4,"ACHV,GLUE,NWPX,REFR,JAKK,GMGI,FENC,PRTH,CAC,ECBK,OMER,LGVN,KPRX,ALRM,MAPS,EDRY,BTAI,ARCC,KITT,OFIX,AEAQ,GEMI,AMRN,BIRD,CASY,ARTNA,PFX,BLKB,ADUS,FUSB"
-0.552261,5.644819,0.07,0.01,0.03,0.01,RANDOM,2653,4,"FUFU,JKHY,JXG,GMGI,PGC,ALM,BNTX,IMDX,AVBH,DRS,HVMC,HTOO,CRDO,MKLY,CTMX,CEPF,HBNB,NTRS,MAAS,HCACU,ARCC,CLPS,DRDB,PRCT,DHIL,PLUT,HTHT,PPHC,GLPI,AVX"
-0.588129,5.647287,0.17,0.04,0.02,0.01,RANDOM,2653,4,"COGT,INDI,NWPX,AVXL,MPWR,GMGI,OTTR,IREN,OVBC,BAOS,MVST,FATE,BELFB,KRMD,CTNM,OTLK,FRST,ABNB,LXRX,KOSS,MDB,MBVI,HOLX,DHC,OSUR,ENLV,NEXN,PMTR,LI,CTNT"
-0.611409,5.655894,0.11,0.03,0.02,0.01,RANDOM,2653,4,"EFOI,PENG,GMGI,CHAR,GILT,LAND,HAO,VSAT,ATHE,MNY,PGAC,ESLT,HOWL,INCY,FXNC,GMHS,CRAC,JYD,CABR,ANDE,LMB,OPEN,MBAV,LSCC,KNDI,ABEO,AIP,FSV,CLNE,MASI"
-0.652318,5.662372,0.04,0.01,0.01,0.02,RANDOM,2653,4,"EFOI,PFG,ARBK,GMGI,CAI,ASRV,HIND,GYRO,CCEC,OWLS,LSBK,LFST,FERA,GTEN,CHA,FIZZ,AMST,PPCB,ATEX,MTC,ANGH,BOF,APWC,SVC,CEG,MRKR,KYNB,BON,LONA,ERAS"
-0.666117,5.672519,0.03,0.05,0.02,0.01,RANDOM,2653,4,"OSPN,RBKB,FKWL,PENN,PHOE,GMGI,AIFF,ELTX,IAC,PACH,JL,ISSC,BACC,FOLD,LBRDA,CHR,RCKY,QETA,FORM,CCTG,PRSO,MESO,HIVE,NSYS,HOLX,MGRC,QIPT,KMRK,EXPE,ADUS"
-0.679352,5.722336,0.01,0.02,0.02,0.01,RANDOM,2653,4,"AMRX,BL,PENG,GMGI,LINE,HCMA,GIBO,MITK,MNY,ECX,MDLN,BDMD,CHRD,ESEA,APLD,CENX,ANEB,NNBR,MYSE,FUNC,DVLT,LCFY,MBVI,BLBX,FCBC,CNEY,OXLC,CURR,ITOC,PPC"
-0.712384,5.724698,0.04,0.01,0.01,0.02,RANDOM,2653,4,"POLE,CVKD,REBN,GMGI,BACQ,NMRA,PUBM,CISO,FANG,MBBC,CAPR,CNSP,FATBB,PMN,QUBT,GTERA,CHA,BWMN,EDRY,DNTH,GPAC,EZRA,NWSA,NEUP,ONFO,ADAM,HCAI,GRRR,PCSC,COIN"
-0.803115,6.054947,0.02,0.09,0.01,0.02,RANDOM,2653,4,"PODC,FMAO,PSHG,NSIT,PBHC,GMGI,KLTO,BZAI,IRDM,LMFA,GURE,NCI,APLD,IBOC,LOBO,JFB,ACHC,HRTX,UNB,CHEF,IMRX,CHKP,AIHS,POWL,CSBR,KZR,GAIN,LNTH,REPL,MEHA"
-0.52804,5.644766,0.05,0.04,0.02,0.01,RANDOM,2653,5,"EURK,FKWL,KINS,KIDS,GMGI,BCAL,OS,MCRB,DLO,KLIC,WDAY,FTNT,HTOO,CPOP,KOYN,GPRE,MACI,URBN,KDK,IDAI,LINC,VALU,DLHC,BWFG,ISBA,COKE,MPLT,LPAA,SHOP,BFC"
-0.553915,5.645413,0.06,0.02,0.02,0.01,RANDOM,2653,5,"NATR,AXGN,SWKH,FGMC,APYX,KIDS,GMGI,IBAC,AXIN,ANGO,CELU,GENK,CELZ,LNKB,AMGN,LMB,CPRX,OTLK,CPSS,MWYN,EWTX,SIMA,ALKT,ACLS,ENSG,NDRA,QIPT,LZMH,IKT,PAMT"
-0.569722,5.648127,0.15,0.02,0.03,0.01,RANDOM,2653,5,"NATH,GO,HMR,CFFI,AMWD,CYCU,PTLO,BLFS,GMGI,BNGO,FVCB,FANG,CHRD,LOKV,ESLT,CCLD,GNSS,FITB,LEGH,CHRW,KDK,AGPU,ICMB,IPCX,LBTYA,ELDN,SEPN,PFBC,ROP,RLYB"
-0.605794,5.650657,0.08,0.06,0.02,0.01,RANDOM,2653,5,"PCVX,BOLD,ANY,DUOL,FDBC,GMGI,FVCB,EVAX,CGON,LITE,SEV,LOKV,PLRX,BUSE,IGIC,APOG,BELFB,RIVN,CCBG,EYE,UNB,CWCO,NTIC,RANG,OMSE,DNUT,ISBA,CCB,CENT,KBSX"
-0.607758,5.657505,0.02,0.05,0.02,0.01,RANDOM,2653,5,"ACHV,VKTX,GMGI,FRAF,DFLI,ATLO,CRIS,HAVA,CHRS,CMCT,HLIT,PLXS,CENX,BLUW,CCEP,ATRO,CZR,FULT,NTES,LPBB,CCIX,DBVT,OCSL,AXTI,BEEM,DHC,CHPG,OKYO,PZZA,AOSL"
-0.618221,5.664822,0.1,0.02,0.01,0.01,RANDOM,2653,5,"AROW,PSTV,SATS,ARTV,FSEA,COCO,GMGI,NSPR,LAFA,EFSC,DRS,MBOT,RPAY,IMMX,CVRX,AMPG,NEXM,EYE,KOD,ICLR,EM,DMAA,LLYVK,EA,DPZ,BSET,AHCO,GCMG,PPHC,RIOT"
-0.622249,5.67719,0.09,0.01,0.03,0.01,RANDOM,2653,5,"GMGI,RRBI,PRQR,EFSC,NYXH,FEIM,AVAV,ATCX,BENF,AERT,MBWM,CCEP,HYNE,JBLU,ESTA,LSCC,IOBT,EVRG,FDMT,BCIC,AEIS,OVID,OPAL,ALMU,RECT,CDLX,APEI,IKT,FARM,RLYB"
-0.626178,5.683008,0.04,0.04,0.01,0.02,RANDOM,2653,5,"MNSB,FA,APA,APPN,GMGI,NTRA,HFBL,GTX,FANG,KDP,QTRX,CGEN,HOWL,CCG,SCWO,CDNL,MMSI,RARE,MGYR,ACET,NWGL,KPTI,ARCB,BNAI,COSM,IPCX,PARK,DEFT,DIOD,CTSO"
-0.681626,5.68979,0.16,0.02,0.02,0.01,RANDOM,2653,5,"BCAR,MIMI,GMGI,HTBK,HIND,WFCF,MMYT,KYIV,MPB,ESEA,CAPR,COLA,MATH,CTNM,KLAC,APVO,ANTX,PLUS,LINC,LKSP,IEP,PMTR,ANNA,CVGW,DLXY,EWBC,MDXG,BETR,FEMY,INEO"
-0.68929,5.702635,0.02,0.02,0.01,0.01,RANDOM,2653,5,"PRTA,OBIO,ALHC,FBGL,GMGI,PLBY,CYN,NOEM,IRTC,CCG,DJT,CHR,AIRE,COLB,GANX,HRTX,AACB,FSBW,IMRX,IONS,ALCY,HUHU,CVGI,MRNA,BNAI,SVC,RAPP,EPSN,GOAI,PYXS"
-0.731556,5.801808,0.0,0.01,0.02,0.01,RANDOM,2653,5,"DCOM,BTCS,PIII,PPTA,HURA,GMGI,PESI,CXDO,ALBT,VRA,CLAR,CING,BKYI,NRDS,AUR,NTLA,FLY,MKTW,KRNY,ESGL,MACI,ORIO,ALDF,AGCC,PDC,DGICA,NVA,HUHU,BOF,BHRB"
-0.761199,6.083479,0.13,0.03,0.01,0.01,RANDOM,2653,5,"IQST,ADBE,GMGI,IMUX,LVO,ETHZ,CRIS,CING,MRVL,BUSE,MBWM,ABOS,OMH,ACOG,BNKK,ADI,NEPH,PLAY,PATK,PLSE,WAY,GLBS,PLUS,CRWD,CAEP,ECOR,OVID,COKE,INAB,OLB"
-0.764962,6.130503,0.06,0.1,0.01,0.01,RANDOM,2653,5,"CDIO,GMGI,ASPC,CALM,IRMD,HIHO,NCI,CMPS,LBGJ,RMBS,FCHL,LBRDK,ALNY,RIVN,BEAM,JOYY,ABAT,ITHA,OBT,PHIO,HUHU,POWL,RGNX,HTLD,FEAM,MRKR,FLNC,PFBC,PTC,IVF"
-0.800871,6.59021,0.13,0.01,0.01,0.01,RANDOM,2653,5,"EURK,CGO,MPWR,GMGI,AMAL,JVA,ALBT,LMFA,NCI,CEPO,WDAY,OCG,INVA,RIGL,NNBR,ACHC,RKDA,LIQT,AZI,SZZL,AAL,CMCSA,JZXN,PLUT,BTQ,FORR,OLB,APAC,ENGS,BSRR"
-0.541612,5.642638,0.08,0.03,0.02,0.01,RANDOM,2653,6,"FUFU,ISTR,EXEL,DLTR,GMGI,KURA,HERE,HUBG,HIHO,ATLO,ANGO,PRDO,BAYA,APOG,DXPE,QFIN,FERA,SAMG,PANL,AISP,TW,VRME,AMPL,AGMH,RGNX,GBFH,BIIB,CABA,PFBC,ROP"
-0.545823,5.648903,0.04,0.04,0.01,0.02,RANDOM,2653,6,"NTNX,ADMA,BMRC,PFG,FBIO,KEQU,GMGI,AVT,EXE,MMYT,DRH,INAC,ENGN,OPXS,CORZ,JSPR,CBSH,PRHI,MWYN,AIP,ARM,EPRX,AEVA,CROX,NWFL,ASTE,VIRC,ARBE,MRTN,HIMX"
-0.623454,5.649051,0.11,0.02,0.01,0.01,RANDOM,2653,6,"NXGL,REG,PAVM,GMGI,ORIQ,AEBI,JYNT,LITE,HFWA,III,BDCI,HCSG,LKFN,LBTYK,ADPT,IQ,FUNC,BCRX,GOOGL,LCFY,GLXG,ACMR,HTLD,CPBI,HST,RICK,IKT,MCHX,FRMI,KCHV"
-0.645329,5.676077,0.07,0.01,0.01,0.02,RANDOM,2653,6,"MNSB,PRTA,FMAO,FCEL,POLE,HEPS,GMGI,ASPC,PKBK,MITK,HTCO,GTX,LITE,KPLT,AMCX,HQY,RLMD,HOUR,PMN,DRVN,ASBP,MCGA,ALXO,BGL,AVR,FDMT,PAYS,RIBB,PCSC,CURR"
-0.672628,5.691796,0.07,0.02,0.01,0.01,RANDOM,2653,6,"AEC,CD,GLIBA,ANTA,PSHG,ASPS,GMGI,ELTK,LOKV,FMNB,LSBK,LWLG,QETA,ERIE,LPBB,NUAI,IMA,CCCC,QSI,AAPG,BNAI,PEP,ASTE,FWONK,AKAM,MPLT,ALDX,EZPW,JD,MOMO"
-0.707021,5.716139,0.05,0.05,0.01,0.01,RANDOM,2653,6,"PRME,AXGN,EMAT,PSTV,LVLU,SLAB,GMGI,HFBL,AVBH,CRDF,FATBB,LFS,BRR,ACHC,PAL,BANF,IMMP,FDMT,LLYVA,NMTC,HPAI,GLIBK,PAYS,CEG,ASTS,CDLX,MNRO,FRBA,HWC,PLUR"
-0.740249,5.847129,0.05,0.04,0.01,0.02,RANDOM,2653,6,"EURK,NRIX,NRXP,CDIO,GMGI,EVOX,METC,QSEA,CING,LEGN,BLFY,LNT,OFAL,FTLF,BRLS,GSAT,ADI,EYE,GLAD,AIP,OXBR,AGPU,VSEC,FRHC,AKTS,COEP,IKT,ELSE,GMM,GDHG"
-0.742345,5.998494,0.05,0.02,0.02,0.01,RANDOM,2653,6,"JLHL,PAA,BL,BOLD,CCD,NECB,NRXP,KUST,NFE,GMGI,PLBY,IAC,FRAF,RXT,LIN,INVE,NYAX,FATE,CURX,APOG,COCP,AIFU,EFSI,FDMT,COSM,VBNK,PPIH,HWC,PELI,HFFG"
-0.785448,6.620968,0.03,0.03,0.01,0.01,RANDOM,2653,6,"EWCZ,BNRG,BKR,HURA,SLAB,ONB,GMGI,EXC,BBCP,NOEM,CCLD,RAIN,CASI,SCWO,DRDBU,CASH,ISPC,BSY,MGRT,KPRX,ADPT,ICLR,DMAA,NGEN,NGNE,QUMS,OLB,LITS,KELYB,GDHG"
-0.541282,5.635301,0.04,0.04,0.02,0.01,RANDOM,2653,7,"BPOP,NCEW,HKPD,NSIT,GMGI,NWBI,FGBI,MESH,CGC,LSBK,LQDA,DJT,CASH,ACNB,HSTM,KRMD,LPBB,LBRX,ABNB,NSSC,PEBK,FLWS,NDLS,EWTX,AEP,FRPT,CHMG,CHPG,BON,NBTB"
-0.570423,5.644643,0.13,0.02,0.03,0.01,RANDOM,2653,7,"IQST,AQST,AUDC,NWPX,MRCC,PLTK,GMGI,EVOX,ARLP,IBAC,WFCF,CTRM,APGE,NKTX,FIZZ,RCMT,NVEC,AXON,RCKT,ITHA,RFAI,GYRE,CZFS,OUST,MDLZ,CRTO,META,SLRC,AVX,ELBM"
-0.574305,5.64518,0.05,0.02,0.02,0.01,RANDOM,2653,7,"ANIX,GEN,BMGL,GMGI,LAND,CLYM,JL,RAIL,BUSE,HUIZ,HSTM,MSAI,CERS,AZ,LMB,GIW,AUBN,CHEF,MNKD,EWTX,NSTS,BILI,KBON,PLUT,IESC,FSUN,LNTH,MNRO,MREO,NBTB"
-0.580875,5.65159,0.07,0.01,0.01,0.02,RANDOM,2653,7,"RXST,CRNX,INTU,PLMK,NTCT,DLTR,REBN,GMGI,PANW,IRD,REAL,PGAC,FIP,ATLO,HDL,FATE,NKSH,PECO,CLOV,DRIO,ABAT,APVO,CLPS,PDEX,KRRO,GIPR,PALI,MCW,FUND,BIOA"
-0.61181,5.656812,0.03,0.03,0.01,0.02,RANDOM,2653,7,"PAHC,APPF,HON,ARTV,LVLU,GMGI,MFIN,BCML,BLZR,MTLS,ANNX,COCP,FISI,HKIT,FNWB,FAST,DRIO,MFIC,BLNE,AXTI,NCEL,CPHC,GLIBK,KTTA,BCBP,AURA,CSIQ,FSHP,MEHA,KTCC"
-0.643788,5.679076,0.1,0.02,0.01,0.01,RANDOM,2653,7,"RDNW,BMM,GMGI,FIGR,RDZN,OMEX,MPB,ISSC,LEGN,LECO,MOLN,EYPT,MYSZ,PYPD,NSSC,FLXS,AAOI,DARE,LINC,CERT,BCYC,LCFY,ICMB,REYN,FWONK,CTAS,ADAM,MDIA,PTC,INSM"
-0.651219,5.7067,0.03,0.05,0.01,0.02,RANDOM,2653,7,"NXXT,HON,PODC,HELE,MXL,KINS,CHSN,GMGI,RGS,PGC,BDMD,OMEX,IPX,HOUR,MKTX,BCTX,FNWB,GXAI,ACHC,POWI,AGCC,OLLI,CARG,AFRM,PEBO,KRRO,OLPX,SFST,LPCN,DDI"
-0.658154,5.716263,0.15,0.05,0.0,0.02,RANDOM,2653,7,"NWE,INMB,HURA,GMGI,ICUI,IREN,SEV,IMG,ALTI,MAR,GURE,PCT,BMEA,EQIX,EEFT,QMCO,CPSH,MORN,RAND,CDXS,MLTX,KRT,QUMS,LNSR,VIRC,DOO,LCUT,ELSE,NKTR,BUUU"
-0.693828,5.746742,0.05,0.02,0.01,0.02,RANDOM,2653,7,"BSAA,BTBD,ICCM,PFG,CDIO,GMGI,MLEC,AIFF,BNTX,NUVL,FTDR,CCLD,BFST,ALAB,OGI,GLDD,MAAS,ALDF,WAY,DSP,MRX,TPG,CBAT,INTG,HGBL,ACTG,CNCK,FRBA,MREO,PPC"
-0.746517,5.983421,0.09,0.03,0.01,0.01,RANDOM,2653,7,"GAMB,PMCB,ICCM,GLIBA,GEN,DLTR,GMGI,BLBD,RCEL,ALM,NSPR,LSTA,LPLA,RXT,ESEA,OLED,OFLX,COYA,CDW,QETA,GIW,KOD,OTLK,RGLD,DMRC,ANNA,KARO,GOAI,GRNQ,BRAG"
-0.788631,6.224131,0.06,0.04,0.02,0.01,RANDOM,2653,7,"BSAA,KE,JJSF,CDIO,LAES,REBN,GMGI,FVCB,BCPC,IMDX,MARA,LGIH,BCG,AIXI,POOL,MOLN,FXNC,BRLS,KPRX,IOTR,CIVB,ARM,MDBH,MDRR,COLM,REKR,COKE,RICK,PZZA,KELYB"
-0.504835,5.651388,0.0,0.03,0.02,0.01,RANDOM,2653,8,"LIND,BMR,PHUN,GMGI,BLBD,HBCP,OTEX,CATY,EFSC,CVV,DMII,PAX,ASO,BYRN,CHR,AIFU,LPBB,BRR,NNBR,NGEN,MNKD,CASS,API,PNBK,ETON,CHY,FSUN,AURA,LAKE,PETS"
-0.573468,5.652641,0.37,0.09,0.04,0.01,RANDOM,2653,8,"NXXT,AUDC,BLNK,PTLO,NSIT,GMGI,FRAF,DRUG,BWB,PLTR,GAIA,FCNCA,MRVI,VIOT,ADGM,BAFN,GRVY,ICCC,MIDD,CEVA,FVN,ASUR,DNUT,DHIL,MTSI,AURA,ASML,CVCO,GOAI,PTCT"
-0.587897,5.656826,0.06,0.04,0.02,0.01,RANDOM,2653,8,"PCVX,SATS,INMB,ARTV,GMGI,MYRG,MMTX,ENPH,BGLC,FWRD,FCCO,HNNA,RAY,ALPS,BEAG,TW,GLAD,HBT,MNST,PRGS,CWCO,MLGO,HPAI,GLE,RANG,ACTG,FEAM,KMB,FULC,ON"
-0.591692,5.662169,0.11,0.04,0.02,0.01,RANDOM,2653,8,"DCOM,HON,IDXX,COLAU,PRLD,GMGI,MITK,RDZN,DRS,ROAD,ELUT,PSKY,CHCO,ITRN,ABNB,HRTX,BAER,FDMT,NRSN,ASTL,JOUT,ONFO,FOXX,HTLD,BLIV,CHMG,AURA,FRPH,PELI,PTCT"
-0.606995,5.666325,0.03,0.01,0.01,0.01,RANDOM,2653,8,"PSTV,ICCM,FUTU,GMGI,PDYN,EXC,INBK,GTX,IMDX,NOEM,RDWR,EBAY,CEPT,DUOT,ALXO,LBRX,HCAT,GLBS,BLNE,BIVI,LICN,CNTX,GIGM,AMIX,ENLV,DSGR,ELE,KZIA,ALGM,KCHV"
-0.628905,5.668564,0.07,0.03,0.01,0.01,RANDOM,2653,8,"BTOC,PFG,GMGI,GTX,GVH,ECPG,AUR,MRVL,CDNL,LEXX,BSY,FISI,ATEC,QETA,DFTX,NSSC,DMAA,CCAP,GASS,MCRI,ALLO,SPOK,NGEN,LLYVA,CPB,FOXX,INLF,AGEN,LPCN,ROP"
-0.64586,5.681296,0.0,0.02,0.02,0.01,RANDOM,2653,8,"PPSI,GO,ELVA,HDSN,CWBC,GMGI,AUTL,BTTC,AUGO,IPEX,HTCR,LKFN,IOVA,GNTA,PECO,IFBD,ALLO,OBT,PRGS,CWCO,CBNK,IPSC,LTRN,BWAY,NEXN,CABA,RIBB,KMRK,JBIO,IRWD"
-0.754694,5.710444,0.02,0.03,0.01,0.01,RANDOM,2653,8,"CAPS,PLMK,HURA,CLDX,GMGI,CURI,CCSI,GEHC,CLMT,PSNY,FACT,LKFN,CMMB,DH,BAFN,ADPT,BATRA,SIBN,CORT,LLYVK,INNV,ESOA,EGHA,CMCSA,EVCM,BOF,GRI,NVAX,EMIS,OXLC"
-0.775552,6.012779,0.0,0.01,0.03,0.01,RANDOM,2653,8,"BTCS,LVLU,RBBN,REBN,GMGI,IBAC,CZWI,PKBK,CXDO,CLYM,KPLT,HCM,IPEX,NCI,CURX,KLIC,EYPT,ENTA,MAPS,NVEC,KRUS,SZZL,ANGH,AFCG,GBFH,DAWN,FEAM,PALI,GDTC,MCW"
-0.488663,5.645939,0.04,0.07,0.01,0.01,RANDOM,2653,9,"CRGO,BTBD,GMGI,DWTX,OPRX,GPRO,IRTC,ATAT,APOG,MDAI,ANNX,BANR,ARKR,CCBG,AAON,CEVA,OLLI,JRSH,ADVB,CPHC,CAMT,HURC,CME,NBBK,MLTX,ALGT,DAWN,HTHT,INM,IVF"
-0.524729,5.648235,0.0,0.03,0.02,0.01,RANDOM,2653,9,"GNLX,RBBN,KUST,GMGI,FRAF,PFAI,GYRO,LIEN,HSCS,HUIZ,ENGN,FERA,AMLX,RARE,GSIW,GALT,DFTX,ESOA,CHAC,DGICA,GLAD,PLUS,CASS,CPZ,OVID,SVC,IPCX,ADUS,CFFN,PCSA"
-0.543686,5.648897,0.09,0.04,0.01,0.01,RANDOM,2653,9,"AEC,CVBF,LIND,BTCS,NRXP,RCON,GMGI,LINE,CLMT,QS,AUTL,CTRM,DMII,REGN,BWIN,HCSG,LOBO,UFPT,JYD,BNKK,ESPR,DAIO,PEBK,PLBC,DARE,ACAD,PCRX,ICMB,GLIBK,HOLX"
-0.597396,5.650496,0.04,0.04,0.02,0.01,RANDOM,2653,9,"GNTX,MCBS,FBLG,CVKD,GMGI,LENZ,CCSI,BCAL,HWKN,FATE,CUE,IVA,HVII,ORKA,FIZZ,AMST,BEAG,ORIO,MBLY,FLXS,RGLD,MCRI,MVIS,CDRO,AAPG,AHCO,OSRH,ERIC,ON,ABVC"
-0.622385,5.665304,0.03,0.03,0.01,0.01,RANDOM,2653,9,"MAZE,EFOI,FUFU,MASS,FMAO,GMGI,BLMN,ELTX,EXE,NMRA,CARE,LPRO,CRDF,SCWO,GEVO,GCBC,PSMT,RAPT,COCP,ABOS,DTSS,ALDF,ENTX,MLTX,HIT,QRHC,SNES,ENSG,CHI,FRBA"
-0.647225,5.667435,0.01,0.02,0.03,0.01,RANDOM,2653,9,"DCBO,PPTA,ARTV,ASLE,GMGI,EGAN,PRTS,RAAQ,APOG,MOLN,PFIS,CRMT,BBGI,RCKT,MBUU,ALMS,DSP,ALLO,HAS,FAMI,INTZ,NKLR,AEAQ,LUCD,FBLA,CVGW,ORBS,PI,GOAI,ACIU"
-0.691389,5.687706,0.07,0.04,0.01,0.02,RANDOM,2653,9,"LIND,OCUL,AGNC,IDXX,FBIO,GMGI,NWBI,CLLS,FAT,IMUX,NMRA,GBDC,CTRN,ECPG,ATER,HQY,DWSN,PRTS,HLXC,MIDD,AUBN,RDAGU,CGTL,AREC,LCFY,MLTX,MERC,LNSR,EMIS,BON"
-0.70931,6.02272,0.06,0.04,0.01,0.01,RANDOM,2653,9,"ALCO,INTU,FUFU,NECB,GMGI,CNXN,HAO,NXL,PUBM,DLTH,FTFT,CEPT,NCI,CRDF,BUSE,PLCE,GRAB,FLWS,PYPL,JZ,LINC,IOBT,RGNX,ECOR,FSV,LAMR,PFBC,DDI,CLRB,ORBS"
-0.81578,6.049599,0.08,0.02,0.02,0.01,RANDOM,2653,9,"AUDC,MEOH,GMGI,MLEC,RXT,BFST,PLRX,APLD,JCTC,LGN,OMER,PHVS,COHU,BRR,GGR,AXON,LTRX,DSP,NVA,MYFW,HBT,MGRX,MRX,SIMA,ENTX,PODD,RECT,ATXG,JBIO,RLYB"
-0.504942,5.633798,0.14,0.02,0.02,0.01,RANDOM,2653,10,"CRAQ,HMR,BTBD,NTCT,GMGI,CCSI,AEBI,OTTR,MPB,LIN,FISV,PSEC,BANX,ICU,EXPO,QCOM,CPRX,MAPS,RDVT,RYET,CSTL,AARD,NTGR,RBB,FGI,AAME,META,INAB,CLBK,FARM"
-0.508566,5.644929,0.01,0.03,0.03,0.01,RANDOM,2653,10,"LQDT,RAYA,GLIBA,CFFI,KALU,FSEA,GMGI,AIRJ,LAND,DTI,IZEA,CMPX,HFWA,IRDM,AKTX,ABVX,GNSS,METCB,GABC,MBWM,NKTX,CRMD,HTO,FLD,HYPD,ABEO,CRCT,MPLT,ARTNA,OLPX"
-0.543574,5.650725,0.07,0.03,0.02,0.01,RANDOM,2653,10,"DXR,FLGT,TWIN,GMGI,NSPR,CLMT,DMII,BEEP,ONC,NTAP,MNOV,ECBK,AOUT,INDV,DMAC,PANL,CHAC,ALLO,OACC,RMBI,CME,COLM,ARHS,RANI,CHY,DCTH,VBNK,HYFM,BHRB,PI"
-0.604884,5.653027,0.18,0.03,0.01,0.02,RANDOM,2653,10,"HBAN,DXR,MSBI,ONB,GMGI,EXLS,AMTX,MMTX,EBAY,CGEN,BNTC,FMST,BMEA,PHVS,FNLC,AZN,ESTA,UTHR,ALLO,HAS,GOCO,NTIC,CVGI,INTG,FBNC,DRDB,CEG,IESC,FMFC,RGEN"
-0.656842,5.665843,0.09,0.01,0.02,0.01,RANDOM,2653,10,"IBIO,INTU,SILC,BTOC,NWPX,PSHG,CYCU,NTCT,KINS,CVKD,GMGI,AMD,PANW,KURA,ASRV,PESI,CLYM,NCMI,BLZR,LIXT,DYORU,CRDL,ACHC,GLBS,EGHA,LINK,AEP,PSNYW,MLTX,KMRK"
-0.661015,5.668187,0.06,0.03,0.02,0.01,RANDOM,2653,10,"GLUE,PMCB,BDSX,DLTR,MDCX,GMGI,GSM,PVLA,ATHE,NXT,JBSS,MNOV,BCG,IDCC,UCTT,CBSH,BBCQ,LCFY,GBLI,NSYS,ONFO,AMRN,KRNT,ATLX,HCHL,EU,CBRL,MDXG,MEHA,CCNE"
-0.668846,5.713488,0.02,0.04,0.02,0.01,RANDOM,2653,10,"FIBK,NTHI,CDIO,GMGI,PESI,ADAG,GCTK,GPRO,APGE,CRSP,GH,GABC,ADGM,ENTA,CHR,GGAL,BRR,LMB,LWAY,ARQT,MBVI,DYAI,ARKO,BWFG,AKAM,AKTS,PALI,HYPR,KYMR,PYXS"
-0.680202,5.717846,0.03,0.03,0.01,0.02,RANDOM,2653,10,"ALCO,MSBI,ANIX,CUB,LVLU,GMGI,KLTO,CAMP,BBOT,AMSC,BDMD,SPRB,ATAT,ORKA,GENK,FIZZ,HTO,ARKR,CARG,PRAA,BCRX,FHB,ACON,MSGM,AHCO,NOTV,KTTA,CABA,CENT,ROP"
-0.73969,5.721004,0.05,0.03,0.01,0.01,RANDOM,2653,10,"MAZE,BMM,INTR,GILD,KIDS,GMGI,BLBD,ELTX,EXC,FAT,HIHO,EFSC,EGAN,KYIV,MAXN,PRTS,FATBB,ITRN,GXAI,PATK,EDRY,CHNR,ADSK,MBVI,MLTX,AMRN,BLBX,CABA,OKTA,CFFN"
-0.753437,5.751709,0.03,0.03,0.03,0.02,RANDOM,2653,10,"PAHC,ORRF,ELVN,CDIO,ADBE,GMGI,DOGZ,ATHE,SEV,CBUS,FATE,AUR,PSMT,LEDS,ASBP,BNKK,NVCR,AFBI,CEPF,PAL,ABEO,KPTI,DNUT,DHIL,CDT,RIBB,LSE,FBLA,CTKB,GDHG"
-0.833764,6.054318,0.03,0.03,0.01,0.01,RANDOM,2653,10,"DCBO,PPBT,MCFT,KALU,GMGI,AVT,GTX,RXT,BDMD,ATOM,OWLS,IFRX,HOWL,ALAB,FER,COCP,GLDD,CCIX,OTLK,MBLY,PYPL,HCACU,HBT,COLM,NMRK,NVAX,FMFC,GLPI,PLUR,CRNT"
-0.50834,5.645726,0.05,0.01,0.02,0.02,RANDOM,2653,11,"CGCT,PCLA,CGO,FSEA,GMGI,CALM,ALIS,HTCO,FGBI,MPB,CCLD,BFRI,AAPL,FSBC,BVFL,FOLD,LGCB,ATNI,NUAI,LICN,SZZL,JBHT,EVCM,NAKA,ACIC,OPAL,CHY,CNEY,RIBB,AZTA"
-0.576879,5.648813,0.1,0.01,0.01,0.02,RANDOM,2653,11,"BTCS,IDXX,CPIX,GMGI,ARLP,NTRA,NTWO,PRQR,PUBM,KYIV,AKTX,SPRB,PRDO,FER,FOLD,AGIO,REAX,PLBL,BBGI,ESOA,CTLP,AACB,CAPN,MRNA,PETZ,DHC,DSGR,AAME,SLRC,ELSE"
-0.586949,5.653495,0.05,0.03,0.03,0.01,RANDOM,2653,11,"NXGL,CDNS,FKWL,GMGI,ARLP,CHAR,LAND,IRMD,FRAF,DMII,AVNW,RCKY,AIRE,ABSI,HNRG,MCHB,DMAA,AGCC,LWAY,NAMS,BCYC,PEP,REYN,GDS,NWFL,NPT,PALI,HWC,NEWT,ANL"
-0.598324,5.66134,0.03,0.06,0.02,0.01,RANDOM,2653,11,"AIMD,GMGI,MYRG,BKHA,IMG,MRVI,HLIT,HOPE,NAGE,LNKB,CEPV,PECO,CTMX,ONDS,CLOV,CCCC,DGII,CIVB,ARQT,IOBT,PNTG,LCFY,CPB,FTAI,REYN,ACLS,ESQ,COFS,INSG,LITS"
-0.672948,5.669823,0.09,0.03,0.01,0.02,RANDOM,2653,11,"LOAN,MU,KC,ROCK,GMGI,AIFF,PKBK,PVLA,AUTL,AMCX,NIU,ASTC,MTEN,IVA,CDW,OMH,HTO,CGNX,NEPH,RBCAA,MMTXU,ALLR,CWCO,PDEX,LCFY,PSNYW,CME,HGBL,ETON,BUUU"
-0.700793,5.700747,0.17,0.05,0.02,0.01,RANDOM,2653,11,"CAPS,NWE,HLMN,IPGP,GMGI,ELTX,ORLY,FTHM,BBOT,AKTX,MPB,INVE,IGIC,ENTA,INDP,IRON,DMAC,NXTT,NRIM,NEXM,ALMS,AGCC,AAOI,CAMT,CART,ETON,NERV,ASML,KROS,BANL"
-0.717146,5.731284,0.03,0.05,0.01,0.01,RANDOM,2653,11,"CRNX,BTBD,PLUG,CDIO,GMGI,ACB,PVLA,JL,APGE,CFBK,PSMT,ORKA,BYRN,GTERA,LCID,DYORU,ERIE,PULM,AVO,GLBS,IPSC,AMRN,INVZ,CDT,OKUR,CSIQ,APEI,LITS,CCOI,AMCI"
-0.727468,5.769668,0.05,0.03,0.02,0.02,RANDOM,2653,11,"PAHC,IBIO,CTXR,CDIO,ADXN,GMGI,AVT,AQMS,AMSC,JBSS,RPAY,AUUD,ALNY,QTTB,CABR,MYSE,NEPH,DGXX,DOMH,JRSH,INTZ,CBNK,BNAI,GLIBK,UONEK,FCAP,ASTE,INSG,HYPR,NVDA"
-0.759028,6.026461,0.07,0.02,0.01,0.01,RANDOM,2653,11,"RBKB,HON,GNLX,MIND,GMGI,OTGA,HIND,NMRA,GSM,SEV,CTRN,ONC,NTAP,CUE,NCI,MRAM,CTOR,ALKS,MCHP,GGAL,LGHL,CLRO,LTRX,PLUS,IMMP,MARPS,UONEK,LNSR,OKYO,CWD"
-0.538847,5.631347,0.13,0.02,0.02,0.01,RANDOM,2653,12,"PAA,HELE,NFBK,RCON,GMGI,MMYT,LFUS,GPAT,IPHA,IRDM,NRDS,SDGR,EQIX,FORA,GDEN,RAPT,EBMT,QETA,LAUR,BWMN,HBNB,OABI,ESPR,ATOS,CPZ,ACNT,BZUN,LCUT,CFFN,GIG"
-0.547733,5.640735,0.0,0.04,0.01,0.02,RANDOM,2653,12,"PAA,IQST,INDB,ALHC,FSEA,MDCX,FDBC,GMGI,CHAR,FENC,PACH,CHEC,FRME,PAX,CHRD,AOUT,ORKA,PSEC,GROW,LEGH,UPLD,NNBR,LIQT,UNB,QSI,RDI,DSGX,BDTX,KG,ELSE"
-0.558136,5.646865,0.37,0.01,0.01,0.02,RANDOM,2653,12,"BMRN,PXLW,BDSX,BLFS,MELI,GMGI,AIFF,BNTX,EMBC,ALTI,BFRI,PRTH,BCTX,OPXS,HALO,URBN,HCAT,KLAC,EA,VMD,LINC,RFAI,ADEA,DYAI,ACNT,PETZ,ABCL,POLA,INSG,CCNE"
-0.572385,5.653132,0.18,0.03,0.02,0.01,RANDOM,2653,12,"GLUE,OTLY,NCEW,PRE,IMSR,GMGI,BLIN,QNRX,EMBC,IBEX,MMTX,HALO,HYNE,EYE,NVEC,HROW,RDVT,MMTXU,QMCO,CVLT,LMAT,KNDI,COST,NICE,BBNX,FTAI,DBX,CEG,FRPH,MBAI"
-0.62624,5.65781,0.06,0.03,0.01,0.01,RANDOM,2653,12,"ELVN,POLE,APPN,GMGI,HCMA,JVA,ONC,ALTI,AVBP,PRTS,DRH,GENK,MGNX,CRBP,GSRF,CRDO,MYSE,ENTG,URBN,MIRA,FLXS,GTBP,BRNS,OSRH,DIBS,REYN,LSTR,KZIA,NEOG,RLYB"
-0.637517,5.668468,0.07,0.08,0.01,0.01,RANDOM,2653,12,"PAA,PPSI,BRKR,RDNW,AIMD,KEQU,GFS,GMGI,PRVA,ATRC,MMLP,HDL,MRVL,DRDBU,CCEP,EYPT,PECO,BULL,RGLD,CNTX,PRTC,DGII,GLNG,PAYX,PHIO,LEE,MSS,GRI,BDTX,CVCO"
-0.639805,5.671922,0.16,0.07,0.01,0.01,RANDOM,2653,12,"PLUG,OMCL,FHTX,CWBC,GMGI,BACQ,HUDI,NVMI,ENLT,BELFB,NAUT,AMLX,ICLR,FAST,GGR,ALGN,ICHR,BYFC,AAL,ATEX,MQ,WBD,BOF,COLM,CEG,LAMR,MTSI,UONE,KRYS,KTCC"
-0.640958,5.678723,0.1,0.02,0.01,0.02,RANDOM,2653,12,"RXST,ROCK,GMGI,KMDA,ONMD,KYIV,OVBC,FRME,REGN,FATE,PLRX,ABUS,PMN,NCRA,FERA,CHR,OPCH,OPEN,PULM,LTRX,CBIO,CLST,LCFY,PDD,RELL,QNTM,LNTH,LITS,EWBC,RUN"
-0.65651,5.68729,0.01,0.03,0.01,0.01,RANDOM,2653,12,"ALCO,EHGO,CRAQ,JJSF,FTRK,GLMD,GMGI,FVCB,GAIA,CCEC,BWIN,KLIC,DTST,BCAB,CTMX,LCCC,RDVT,CADL,LSCC,MRX,RMBI,ARVN,ELWT,AGH,BZUN,CHAI,FOSL,POLA,CHPG,NKTR"
-0.705351,5.692392,0.09,0.03,0.02,0.01,RANDOM,2653,12,"NHTC,CFFI,IBRX,UFG,GMGI,ELTX,ORLY,AMKR,CMPX,LITE,IIIV,AVPT,BDCI,PMN,ADTN,NWTG,AAON,ALPS,RDAG,GPAC,CCAP,MCRI,AXTI,DGII,CRESY,NRSN,GSUN,AMBR,OSW,KTCC"
-0.754241,5.748466,0.05,0.03,0.01,0.02,RANDOM,2653,12,"AUID,INTU,PSTV,HDSN,CDIO,CYCU,PTLO,GMGI,IBAC,GSM,CGTX,INBX,FBYD,CHRS,LBTYB,OYSE,NOVT,ICU,PLAB,ESTA,ELVR,AUBN,AGCC,HAS,LEE,BOF,FCAP,PARK,LILA,ITOC"
-0.800614,6.133986,0.04,0.03,0.02,0.01,RANDOM,2653,12,"FIBK,CLPT,JAKK,GMGI,GCT,LMFA,MBRX,FTFT,RAIN,AVGO,NCI,CRDF,CASI,CURX,CENX,BCAB,ACLX,CCBG,EDUC,AVO,NSSC,FLWS,ALLR,AAOI,MTC,EPRX,CZFS,CTSO,CGNT,FULC"
-0.515443,5.643752,0.03,0.05,0.02,0.01,RANDOM,2653,13,"VTGN,COLL,GMGI,PACH,IMVT,DFLI,RDZN,APGE,FFIV,RDWR,BBSI,MRVI,LSBK,QFIN,HSTM,GRVY,GIW,LCCC,ICCC,CNDT,BTAI,GTIM,NRSN,ARTNA,ALVO,CENT,MIRM,BFC,CFFN,FEMY"
-0.578408,5.645644,0.03,0.04,0.01,0.02,RANDOM,2653,13,"JLHL,MEOH,COCO,GMGI,PRPL,CURI,MMLP,HDL,KLTR,HLIT,NMP,BAFN,FIZZ,NWTG,CTBI,ABVE,LMNR,AACB,DFSC,CLPS,OBT,BANF,PAYX,MKSI,LOOP,REYN,PROP,PPIH,PFX,IMCR"
-0.617541,5.649486,0.01,0.01,0.02,0.01,RANDOM,2653,13,"ELOG,GMGI,NSPR,EXC,ADSE,IIIV,MNY,SEV,ATLC,MNTS,AMCX,EXTR,IRIX,BVFL,HCSG,MXCT,GSRFU,BEAG,GASS,NPAC,CENTA,LICN,VMD,FEED,LLYVA,NTIC,AHCO,PALI,FUND,PYXS"
-0.617936,5.669289,0.01,0.06,0.01,0.01,RANDOM,2653,13,"ICCM,KSPI,POLE,GMGI,ATRC,ALM,CNXN,PVLA,ETHM,ANGO,DLTH,NWL,HVII,PMN,OSIS,SAMG,GPRE,NAVN,OCSL,LTRX,SZZL,AIRG,NMTC,BGIN,REVB,FRPT,KRT,CDT,QNTM,BUUU"
-0.644768,5.675005,0.05,0.02,0.01,0.01,RANDOM,2653,13,"ADMA,IMOS,NTRB,ICCM,LVLU,PENN,GILD,GMGI,HCMA,ALM,IMVT,AMTX,EMBC,PLRX,AVAH,IOVA,HQI,MKTW,EEFT,NNBR,MACI,SCHL,HCACU,PHIO,CRWD,IPSC,CRAN,PSIG,AMBR,PLUR"
-0.693193,5.712442,0.05,0.1,0.01,0.01,RANDOM,2653,13,"EURK,FLL,GMGI,PKBK,BDMD,ARDX,HQY,RPAY,FATN,MKTX,ONCH,LEXX,PHVS,CEPV,INO,CLOV,ESOA,CVLT,PYPL,NAMS,MTC,CME,LUNR,GDS,RDIB,EZPW,MNRO,KMB,CVCO,PYXS"
-0.730713,5.781899,0.08,0.02,0.01,0.01,RANDOM,2653,13,"AROW,PIII,FGL,GMGI,ELTX,LAND,JVA,IZEA,OCGN,BKHA,PRAX,ASO,ENPH,AVTX,CECO,CRSR,RJET,KRMD,DXLG,LAUR,LSH,LSCC,GLBS,EZRA,RGTI,BBNX,ARM,GWAV,ENSG,EZPW"
-0.736719,6.027872,0.03,0.02,0.01,0.01,RANDOM,2653,13,"CGCT,IPGP,PAVM,GMGI,IZEA,ADAG,CMPX,CTRM,RETO,NCMI,NCI,MLCI,HCSG,IOVA,ABOS,CNTA,MYGN,BTCT,FIVN,CEPF,PLSE,DMAA,RAND,CDXS,CME,NMTC,ADAM,CHMG,HIMX,DNMX"
-0.759479,6.16662,0.01,0.07,0.02,0.01,RANDOM,2653,13,"CDIO,GILD,GMGI,PRVA,CMTL,BBOT,ATOM,FSBC,NKSH,GEVO,GP,IPAR,EXPO,NNBR,MACI,EDUC,MYNZ,LTRX,AVR,HTLM,AHCO,GFAI,POWL,NVCT,QRHC,HYPR,ALOT,KELYB,OCFC,IVF"
-0.404251,5.64087,0.06,0.03,0.01,0.01,RANDOM,2653,14,"PPBT,EURK,FMAO,GMGI,KMDA,PTEN,CVV,CMPR,IRTC,NYAX,GH,JANX,OCG,MGNX,ALT,NNBR,LCCC,BTMD,MDB,AEP,GBLI,CBNK,NWSA,RGNX,NEXN,CDLX,LNTH,MDXG,OCFC,ABVC"
-0.492582,5.647212,0.06,0.11,0.02,0.01,RANDOM,2653,14,"BNC,JKHY,BYSI,GMGI,NTWO,GRDX,LCNB,IDCC,PLXS,INDV,HWH,GRVY,DTSQ,PLPC,GALT,MAPS,SIBN,HITI,FLWS,CBSH,DARE,AVR,POWL,MRNA,MNPR,PAYS,CENT,CLNN,IKT,CSTE"
-0.553514,5.648338,0.18,0.03,0.02,0.01,RANDOM,2653,14,"OCUL,BKR,PFG,GMGI,BLBD,PKBK,BCAL,CLYM,FLNT,HAVA,BEEP,GRFS,ESEA,MXCT,BSY,JSPR,RKLB,CTBI,NNBR,CCIX,PULM,IMA,CRUS,HWBK,SZZL,CART,EVCM,CMND,INAB,ASML"
-0.599135,5.649473,0.11,0.05,0.01,0.01,RANDOM,2653,14,"ADMA,PRPO,GMGI,BLBD,ALM,GRWG,LITE,SEV,HBIO,LGND,FISV,LKFN,CENX,MRBK,CSWC,KPRX,RJET,LYFT,CCAP,CARG,PLSM,MDB,PTRN,LILAK,HTHT,SFST,MOMO,FONR,LITS,OCFC"
-0.601175,5.652046,0.12,0.06,0.02,0.02,RANDOM,2653,14,"CRAI,NATH,NTCT,GMGI,AENT,FVCB,LITE,PVLA,CRSP,IPX,HERZ,BENF,BPRN,LEXX,ADTN,HTO,AFBI,PYPD,LAUR,RBCAA,UTHR,ICCC,LBRX,EHLD,SPOK,PNTG,GDS,LNSR,IART,MNRO"
-0.640896,5.654954,0.04,0.01,0.03,0.02,RANDOM,2653,14,"BTCS,ISTR,KEQU,FBGL,GMGI,RCEL,FRAF,IMVT,APGE,DEVS,BGLC,BBLG,HNNA,CCBG,QCOM,GPRE,PULM,JRSH,ALLO,HWBK,BYFC,PLBC,BCRX,MKSI,BOF,NVX,KTTA,GLPI,INMD,OVLY"
-0.667393,5.689001,0.08,0.04,0.02,0.01,RANDOM,2653,14,"BOLD,OMDA,GMGI,DOGZ,LFUS,FTDR,TILE,ATOM,PRCH,AVAV,CYCN,NKTX,HTO,AAON,EFSI,MAAS,EHLD,OCSL,CASS,MLYS,LIVN,BSVN,KRNT,DHC,FCBC,COKE,UONE,GWRS,MOMO,LPCN"
-0.736036,5.974772,0.05,0.01,0.02,0.01,RANDOM,2653,14,"MNSB,ADBE,CLIR,LOGI,GMGI,CZWI,ARTW,IZEA,LPSN,DWTX,RXT,QTRX,AVTX,COYA,IOVA,ACNB,EYPT,AACG,CNTA,AFYA,BLNE,NAMS,MNST,OFIX,MNPR,HOLX,ABCL,RAPP,PLUT,PRZO"
-0.747487,6.002095,0.06,0.11,0.01,0.01,RANDOM,2653,14,"MTEK,PODC,VRCA,GMGI,ASRV,LGCL,OTGA,KLTO,CARE,EVAX,RXT,MBBC,HAVA,FFIC,CAKE,VRAR,RELY,PLPC,MIDD,JRSH,PAGP,DPZ,CAPN,POWL,PSIX,REKR,BAND,ERIC,LAMR,FORR"
-0.559573,5.640781,0.02,0.04,0.04,0.01,RANDOM,2653,15,"LQDT,KUST,FBGL,GMGI,PKBK,HTBK,CMPR,CFBK,BNTC,NRDS,JANX,HUIZ,ANIP,CHA,JAZZ,AMLX,HTO,POWI,FRST,GUTS,CDRO,MSGM,LOOP,IONR,CRTO,DHIL,MRTN,LI,BFC,FNKO"
-0.566117,5.6552,0.1,0.07,0.02,0.01,RANDOM,2653,15,"AXSM,BKR,ISTR,OMCL,GMGI,PANW,HERE,CELC,EFSC,SOFI,ATRA,JBSS,GLBE,AVGO,CEPT,DXPE,INCY,NEXM,NAVN,DAVE,LWAY,AFCG,CLWT,ELWT,OMAB,FCFS,KALA,EVER,RLAY,RLYB"
-0.607614,5.655283,0.1,0.02,0.01,0.01,RANDOM,2653,15,"UFCS,MRCY,CPIX,GMGI,CZWI,FACT,ETHM,MTEX,DLTH,GRFS,BGLC,SBFG,HKIT,FORM,DOMH,MBLY,AXON,OPBK,PAYX,CMCSA,CME,IPSC,APWC,EU,EPSN,PPIH,INTS,KMRK,MEHA,KCHV"
-0.642033,5.655723,0.17,0.04,0.01,0.02,RANDOM,2653,15,"IBIO,RBKB,CRAQ,CLDX,GFS,GMGI,ICON,LITE,CMPR,ESLT,DWSN,MAMA,OMER,QUIK,PLPC,DXLG,CSQ,MACI,LICN,PYPL,ALCY,API,DYAI,FCAP,CNEY,EZPW,NBIX,IMPP,ORBS,ALGM"
-0.649489,5.689369,0.0,0.1,0.04,0.02,RANDOM,2653,15,"EHGO,FIBK,VTGN,INMB,ASLE,GMGI,IBAC,RGS,CMTL,RFIL,ESEA,PMN,COOT,UCTT,UFPT,ITIC,EHTH,ICCC,HWBK,CNVS,PHAR,GBLI,CVGI,BOF,HIT,FSV,CACC,RELL,MRKR,NKTR"
-0.650843,5.700439,0.06,0.04,0.01,0.01,RANDOM,2653,15,"PLUG,HURA,REBN,GMGI,ATRC,BACQ,ORLY,AUTL,CDTG,DLTH,JAGX,NRDS,VIOT,ROAD,MYSZ,GSAT,GSRFU,KOD,ALF,VRME,NXPI,BANF,HPK,FTAI,OUST,FMFC,SFST,IART,CLNN,QDEL"
-0.697247,5.752727,0.22,0.06,0.01,0.01,RANDOM,2653,15,"REG,MEOH,LAES,MDCX,BGM,GMGI,LXEH,HIND,ARQ,CMPR,BDMD,JCAP,PLCE,EBMT,ACOG,GOOG,RAY,CSQ,MMTXU,ABNB,BLTE,PSNL,VSEC,BAND,FOSL,ABTS,ENSG,ASML,PONY,ANIK"
-0.773476,5.77538,0.0,0.05,0.02,0.02,RANDOM,2653,15,"ACHV,INDB,INMB,PPTA,CDIO,HURA,AVXL,GMGI,EZGO,KMDA,MMYT,ESLA,AKBA,ESEA,ALTO,MAYS,NOVT,GRVY,RCMT,LCCC,IFBD,CDZI,MZTI,ICHR,QNST,LUNR,IONR,RANG,ETON,SDOT"
-0.543208,5.642712,0.16,0.03,0.03,0.01,RANDOM,2653,16,"NTNX,GLIBA,GEG,AVXL,KEQU,GMGI,HBCP,MMYT,POM,FANG,IDCC,ITRI,GEVO,APOG,CDW,IBKR,DAAQ,CALC,ILMN,BEAG,FBRX,NSTS,MGIH,ACIC,ASTE,ESQ,META,EVGN,CFFN,RLYB"
-0.552262,5.646518,0.0,0.07,0.01,0.02,RANDOM,2653,16,"HURN,MEGL,CRAQ,GMGI,IBAC,CLMT,ONEW,PROV,ICUI,ALEC,LAFAU,APGE,HBIO,OGI,HOUR,RAPT,COCP,DMAC,CRVS,IPOD,AZ,SIBN,PLMR,RFAI,FOXX,MARPS,CCB,RIBB,RLAY,ELBM"
-0.589937,5.654372,0.13,0.02,0.02,0.01,RANDOM,2653,16,"AEC,GMGI,HSIC,ORLY,BBCP,MBBC,HBIO,ABVX,RFIL,ESEA,NKSH,LWAC,IPAR,NUAI,APXT,MBUU,MVIS,BTMD,RMBI,MSGM,FTAI,FTEL,DIOD,CASY,HST,HCAI,OSW,PZZA,CLBK,KMRK"
-0.615105,5.65885,0.05,0.01,0.01,0.01,RANDOM,2653,16,"CUPR,GMGI,LFMD,GYRO,OCS,ESCA,JL,MTEX,ABVX,CYCN,BMEA,CDNL,HQI,LGCB,LWLG,HSAI,RDAG,RYET,PRSO,ALNT,AEP,LOT,MTRX,BEAT,OFS,HST,COFS,IKT,COIN,OSS"
-0.617982,5.670933,0.08,0.08,0.01,0.01,RANDOM,2653,16,"AXGN,INBS,SLAB,GILD,GMGI,ASMB,NTWO,MYRG,EBAY,ENLT,ELUT,MYSZ,CNTA,IMKTA,NAGE,GIW,FUNC,TW,GIGM,LIDR,PDFS,EPRX,KTOS,ENSG,EZPW,RGEN,EWBC,BOTJ,AMCI,INEO"
-0.622329,5.675839,0.05,0.03,0.0,0.01,RANDOM,2653,16,"LHAI,CCD,CHSN,JXG,GMGI,BLBD,PLTR,GAIA,MBBC,BKYI,CTOR,ASTH,AEHR,FIVE,NAVN,FAST,KFIIU,BIVI,AXTI,FTCI,PRGS,CMCSA,BMRA,BEAT,AEMD,MDLZ,AGEN,DSGX,CLNN,PTCT"
-0.62653,5.67849,0.04,0.03,0.05,0.01,RANDOM,2653,16,"ANIX,AMWD,NTCT,GMGI,ACB,EDTK,LIEN,AMAT,BACC,GURE,BFRG,PMN,GROW,PNRG,JYD,RARE,GRVY,MSEX,ARRY,PAVS,INNV,MCRI,CBSH,FSBW,MTC,ALGS,GDEV,ASTE,CGEM,NEON"
-0.679448,5.679817,0.01,0.03,0.02,0.02,RANDOM,2653,16,"LGO,NTCT,GMGI,ALM,DRUG,IIIV,CAPR,MDWD,AERT,VSEE,CCEP,ADTN,SBFG,INHD,MCGA,JG,DGXX,CRUS,GLBS,CENTA,JRSH,MTC,MOBX,QUMS,ASTE,FCBC,DCTH,CIIT,BOTJ,FNKO"
-0.700196,5.696422,0.08,0.03,0.01,0.02,RANDOM,2653,16,"ARGX,EHGO,ARTV,GMGI,PRPL,ARTW,GERN,CELH,LIFE,NOEM,PLCE,BYRN,GIFT,HSAI,LMAT,LINC,EWTX,LRMR,ADEA,CBNK,OSRH,FRPT,CABA,POLA,DCTH,PFX,ANIK,JBIO,GOAI,NEOG"
-0.703945,5.759138,0.23,0.02,0.02,0.02,RANDOM,2653,16,"AXSM,CRNX,FUFU,GLIBA,PRPO,MGTX,CDIO,FSEA,PRLD,GMGI,IRD,FCNCA,FEIM,PMN,LBRDK,GELS,NTRP,MCHB,ASUR,AAOI,ARQT,BSET,MLCO,AGPU,PEP,BWAY,BAND,GEOS,CLMB,CHY"
-0.72747,5.873972,0.05,0.02,0.01,0.01,RANDOM,2653,16,"FFIN,ARTV,MEOH,GMGI,BLMN,BBIO,KLTO,BDMD,FMST,AEHL,LTBR,LGN,LDWY,QTTB,ILMN,GPRE,RDVT,ALF,LSCC,ICHR,GLNG,KITT,MORN,NSTS,AIRO,BGIN,GEMI,ABTS,PSIG,AOSL"
-0.742092,5.890644,0.04,0.05,0.02,0.01,RANDOM,2653,16,"JCSE,FMAO,COLL,GMGI,PVLA,PLTR,QTI,AUTL,LIFE,GLTO,OMEX,CHRD,ATOM,LNT,PCTY,POOL,FATBB,ORIQU,RCKY,RENX,PDC,CBSH,RDAGU,MBX,IPDN,LIMN,BHRB,BANL,HFFG,BRLT"
-0.774367,6.308621,0.08,0.02,0.02,0.01,RANDOM,2653,16,"RAYA,KC,JAKK,GMGI,HAVAU,EFSC,RXT,MMTX,CHRS,III,NCI,BODI,OLOX,GTEN,HLNE,PECO,HRZN,KFIIU,EA,HWBK,CNVS,DPZ,CWCO,LIDR,CBNK,IVVD,MDLZ,MPLT,NFLX,IINN"
-0.529832,5.640573,0.04,0.02,0.01,0.01,RANDOM,2653,17,"ACRV,QQQX,CSPI,GMGI,ATRC,BACQ,NNE,OTTR,PTEN,POM,GTX,PLTR,IPHA,EBAY,CGEN,HVII,OMER,CORT,MFIC,EHLD,NPAC,ITHA,PCAP,PMTS,HPAI,RBB,CNCK,MNRO,CINF,HFFG"
-0.545688,5.651397,0.04,0.03,0.02,0.02,RANDOM,2653,17,"PCLA,MTEK,CFFI,NSIT,GMGI,FFIV,RFIL,LSBK,CCG,AGIO,CNTA,NRIM,MGYR,GTIM,MCRI,CLIK,ARQT,PMAX,OFIX,LLYVA,HUHU,DLHC,NTGR,UONEK,OPAL,HCHL,SEPN,OVLY,PETS,ILPT"
-0.567115,5.652974,0.07,0.03,0.03,0.01,RANDOM,2653,17,"UROY,NRIX,POLE,GMGI,RRBI,HIND,PTEN,MGIC,FRME,FANG,MNDR,BVFL,CDW,KRMD,ERIE,RENT,MKLY,LMB,ESPR,FLWS,AXG,NICE,CRON,NRSN,ALGT,RDGT,OMAB,VIRC,LFAC,LILA"
-0.572568,5.655637,0.04,0.05,0.01,0.01,RANDOM,2653,17,"GLXY,GMGI,AEBI,JYNT,PTEN,ODYS,CGTX,JL,MARA,LGND,CCG,DRDBU,ATRO,SAMG,FIZZ,NWTG,LX,HUT,GPAC,HRTX,NDLS,PLUS,JBHT,ARM,PCRX,GLIBK,NPT,CRAN,ADAM,MCHX"
-0.641702,5.657172,0.15,0.01,0.01,0.01,RANDOM,2653,17,"SUIG,PXLW,GMGI,IBAC,POM,LITE,BLIN,IPEX,LIN,BLFY,SELX,ONCH,HUIZ,GRAB,AVIR,EXPI,DTSQ,CTBI,LSAK,CCCC,HIVE,PRAA,MNST,CWCO,LCFY,BIIB,MERC,CHY,PPIH,AMBR"
-0.668152,5.663867,0.01,0.01,0.02,0.02,RANDOM,2653,17,"SILC,NWPX,AGNC,GMGI,CCSI,HFWA,MNY,GLTO,AKTX,CNTY,ICG,AMLX,HYNE,EDRY,APXT,RDAG,INNV,LIQT,LICN,ABEO,LLYVA,CVGI,FOSL,RAVE,DCTH,RICK,ELDN,OXLC,CWD,NEOG"
-0.672973,5.703484,0.21,0.03,0.0,0.02,RANDOM,2653,17,"MNSB,EXEL,FBLG,FSEA,GMGI,PLBY,OS,QTI,BDMD,MLKN,LEGN,ECBK,MTEN,DRDBU,ALNY,IPAR,FTEK,HNNA,NTRS,RGLD,FVN,AWRE,COST,PTRN,PSIX,CMND,BLBX,ETON,ENSG,COO"
-0.704333,5.710645,0.02,0.02,0.01,0.01,RANDOM,2653,17,"LGO,EHGO,IPGP,MCFT,GEN,BYSI,PLRZ,FUTU,GMGI,HUDI,HIND,CGON,CMPS,NMFC,FATBB,HLXC,GTEC,RZLT,FLXS,RFAI,PN,CV,LCFY,PEPG,CREX,LILAK,CBC,MGX,ACIU,IINN"
-0.71562,5.972425,0.07,0.04,0.01,0.01,RANDOM,2653,17,"ASYS,GMGI,DOGZ,DFLI,LITE,RXT,LIEN,KYIV,AMTX,ASO,DRTS,IPX,LGN,BANR,IPOD,PLAB,DTSQ,GIW,DRIO,ESPR,MFIC,SCHL,UNB,EWTX,CAPN,MQ,PMTR,DSGX,HYFT,GLPI"
-0.73261,5.986499,0.05,0.05,0.01,0.01,RANDOM,2653,17,"PPSI,CDNS,JJSF,NVTS,COCO,GMGI,ASMB,METC,ICUI,FLNT,RIME,ACHC,LSCC,CCCC,EWTX,MBVI,IEP,NMRK,FTEL,EKSO,QUMS,NVAX,LKQ,OKTA,CLNE,RDNT,HSPT,MBAI,NKTR,ORBS"
-0.771974,6.077627,0.0,0.04,0.02,0.01,RANDOM,2653,17,"CAPS,BNC,FLL,CPIX,CBLL,GMGI,ILAG,IRD,MYRG,FIP,HWKN,MTLS,APLS,INDP,PKOH,OCSL,LTRX,ATEX,PRAA,CYPH,CRON,PEPG,ASTL,GLXG,REFI,COEP,KELYB,BUUU,BANL,CRNT"
-0.806099,6.58456,0.0,0.04,0.01,0.01,RANDOM,2653,17,"DCOM,AEI,SWKH,PBFS,GMGI,PRPL,PLBY,VISN,AUPH,ATLO,DTIL,EXTR,AUUD,IMMX,NCI,REAX,JG,AYTU,OSBC,HCAT,BTAI,DGII,IOBT,BLTE,FAMI,LCFY,NRSN,CSTL,FORTY,QNCX"
-0.521656,5.638159,0.03,0.03,0.01,0.01,RANDOM,2653,18,"UFG,GMGI,HERE,ARTW,HAVAU,PACH,LIEN,ASO,LFST,AOUT,IGIC,AGIO,DRVN,CHA,GSRFU,RENT,MAPS,DMAA,NCEL,SPOK,CHEF,CRON,EVRG,BSET,HNST,OMSE,OMAB,PLUT,FRBA,EXPE"
-0.542564,5.64293,0.06,0.08,0.02,0.02,RANDOM,2653,18,"GAMB,PSHG,HLP,GMGI,PANW,NNDM,ESCA,PURR,DTST,OSIS,INCY,ATAI,UFPT,COHU,PLAB,DTSQ,NOMA,AAON,ADI,NVEC,KFIIU,CRUS,FSBW,TZOO,BSET,GBLI,BILI,CHMG,FONR,CFFN"
-0.572282,5.646747,0.1,0.03,0.01,0.02,RANDOM,2653,18,"ASND,BZFD,PCVX,SILC,MRCC,GLOO,PLRZ,GMGI,HFWA,AUTL,LIEN,BGC,BACC,IGIC,GP,FCCO,QCOM,RDAG,AXON,GTBP,CARG,INSE,IMMP,AFCG,OFS,FSV,RELL,CENT,OKUR,BHST"
-0.579961,5.648644,0.02,0.1,0.02,0.02,RANDOM,2653,18,"PAA,EVTV,ALHC,AMWD,CGO,GMGI,DTI,EGAN,GAIA,HNVR,MATW,ISSC,RGCO,IGIC,CMMB,PLXS,MAYS,MOLN,MGNX,INVA,OPCH,CGNX,AAON,IQ,LAUR,NAVN,EXAS,LYTS,CVCO,FEMY"
-0.596251,5.65804,0.01,0.05,0.02,0.02,RANDOM,2653,18,"SUIG,CUB,SLAB,GMGI,FVCB,BATRK,ALEC,OWLS,OLED,FORA,ENTA,LOBO,BJRI,LNKB,RAY,CCIX,RZLT,HCACU,MRX,ICMB,COLM,ACNT,OUST,AAME,PFX,AMBR,HYPR,LARK,SHOP,BHRB"
-0.605247,5.668908,0.03,0.05,0.0,0.01,RANDOM,2653,18,"UROY,GLIBA,MEOH,CLDX,INTR,CLIR,COLL,GMGI,IBAC,HERE,IMMR,HLXC,AMBA,CSWC,ASTH,FIZZ,MSTR,ADPT,NVCR,NNBR,VRME,AXG,DSWL,LLYVA,CBAT,NIXX,ALAR,LSTR,BANL,ON"
-0.636908,5.679582,0.12,0.04,0.01,0.01,RANDOM,2653,18,"OSPN,PFG,FUTU,SLAB,PRLD,GMGI,CHDN,FENC,IMUX,HFBL,PRQR,ARQ,ESLT,PMVP,IBOC,BYRN,DAAQ,LBTYK,ONDS,APVO,EA,AACB,BYFC,PN,NVX,HPAI,BYND,HRMY,ARQQ,GRNQ"
-0.657444,5.691017,0.05,0.08,0.01,0.02,RANDOM,2653,18,"CDNS,MBCN,BVS,BOXL,ATPC,GFS,GMGI,CGTX,KYIV,PGAC,EMBC,IRDM,CRSP,KVAC,PMVP,GDEN,HOFT,EM,MIRA,ENTX,POWL,HTLD,GAIN,FSV,PARK,QCLS,FCFS,CENT,DDI,HFFG"
-0.74588,5.708242,0.22,0.03,0.02,0.02,RANDOM,2653,18,"GLOO,HURA,MDCX,GMGI,DERM,ATHE,FCNCA,RDWR,DLTH,CBUS,MBOT,PCB,CMMB,HOPE,AEHR,ERIE,IPOD,NAVN,MIDD,CCCC,OCSL,CLPS,ARVN,OXBR,JOUT,INTG,OPAL,IROQ,DSGR,LNSR"
-0.769097,6.088621,0.0,0.02,0.01,0.01,RANDOM,2653,18,"GO,AUDC,FKWL,CDIO,MDCX,RCON,GMGI,NTCL,IPST,ASRV,AMKR,RXT,NVVE,NWL,PLRX,PRTS,ANDE,FCUV,CNDT,OPTX,CARG,OLMA,COLM,CHAI,CLNE,APLM,IVF,BSRR,INEO,CSTE"
-0.510047,5.636391,0.05,0.01,0.02,0.01,RANDOM,2653,19,"MNDO,GNTX,NECB,PTLO,GMGI,PESI,CTRM,WHF,BAYA,ABUS,OMER,FXNC,GSRF,COLB,GGR,AAL,PDLB,FHB,MKSI,SBFM,RAND,GV,FCFS,SEPN,LONA,FROG,IZM,GSHR,MDXG,FDUS"
-0.567618,5.639169,0.08,0.05,0.02,0.01,RANDOM,2653,19,"ALCO,FFBC,QQQX,NTCT,GMGI,CZWI,GMAB,AIFF,CARL,CELC,HTBK,BSBK,BUSE,BAFN,LNKB,CCIX,NDSN,FIVE,OBT,MKSI,BGIN,MLGO,RDGT,ENLV,FCBC,VEON,GDTC,RGEN,KYMR,FBIZ"
-0.568066,5.654441,0.03,0.03,0.02,0.02,RANDOM,2653,19,"GLUE,NATH,SILC,NXPL,HKPD,UFG,GMGI,BACQ,APM,BEEP,RDWR,CBK,MRBK,LBRDK,LBTYK,BRR,FOXA,BMBL,ETOR,EA,PLMR,AUBN,BBNX,NSTS,LIVN,ELWT,EMIS,ANIK,IMTX,OSS"
-0.610136,5.654518,0.22,0.04,0.02,0.01,RANDOM,2653,19,"AEI,NCEW,PBHC,GMGI,GPAT,VSAT,FCNCA,ESEA,LNT,MTLS,LBRDK,EXPI,LWLG,JYD,LNKB,LBTYK,MIDD,VRME,HBNC,NICE,AAPG,PCAP,NWSA,GLXG,ALGT,LNSR,NERV,BIOA,PPC,NTWK"
-0.618278,5.667117,0.04,0.03,0.02,0.01,RANDOM,2653,19,"BDRX,NTCT,MRM,HLP,GMGI,FMBH,DAKT,DWTX,CHEC,IREN,LIEN,SEV,ISSC,GABC,MRVL,LTBR,RCKY,ACHC,ENTG,ABNB,MYFW,LINC,HOTH,PMAX,OFIX,PBM,FSV,CPBI,PPIH,JD"
-0.634394,5.680336,0.0,0.03,0.02,0.01,RANDOM,2653,19,"CVBF,NTHI,BVS,PBFS,MRM,GMGI,CALM,BBOT,NNDM,INBK,TILE,LOKV,CRSP,DWSN,HHS,OMER,BYRN,CTMX,MAAS,FLXS,MGRX,GLNG,CROX,CHAI,RBB,RAVE,BON,OVLY,GDHG,INEO"
-0.698158,5.689748,0.06,0.03,0.01,0.01,RANDOM,2653,19,"EWCZ,OBIO,BZ,HLP,GMGI,MITK,APGE,IRIX,MOLN,IOVA,GIFT,OCG,AVIR,CERS,NAVI,CRMD,DAAQ,GLDD,CLOV,CENTA,IOBT,CMCSA,CME,LUCY,ACLS,CHTR,AMBR,CENT,NKTR,RLYB"
-0.733213,5.774983,0.04,0.01,0.01,0.01,RANDOM,2653,19,"CDNS,GLIBA,BTOC,HURA,CLDX,PRLD,CLIR,GMGI,QTI,OVBC,NAMM,JMSB,AGAE,INCY,GMHS,PWP,HNRG,EZRA,NPAC,CTLP,MGRX,BTMD,GLE,QRHC,HYMC,NNOX,BHST,MDXG,NAMI,BANL"
-0.788315,6.361036,0.1,0.03,0.01,0.01,RANDOM,2653,19,"LOAN,AROW,PSTV,DLTR,GMGI,IBAC,FAT,DWTX,OCGN,ESCA,MDLN,PGNY,LECO,RIME,ABOS,HNNA,PLAB,LASE,ALXO,PLMR,AUBN,TW,JBHT,AURA,FCFS,LPAA,MGRC,OLB,INMD,IINN"
-0.517025,5.646576,0.07,0.04,0.03,0.02,RANDOM,2653,20,"DCBO,HLMN,LUNG,HDSN,NXPL,ELVN,LIVE,GMGI,LAND,FWONA,JBSS,GH,OMER,ERIE,NMIH,ANDE,NAAS,EHTH,EDRY,MZTI,NXPI,VALU,GLIBK,BYND,AGEN,ESQ,EMIS,ALDX,ERAS,FUSB"
-0.5428,5.646694,0.07,0.04,0.03,0.01,RANDOM,2653,20,"FGMC,NWPX,ARBK,GMGI,PGC,HBCP,IRMD,PESI,MITK,EDBL,MDXH,FMNB,MRVI,FEBO,IOSP,DJT,MLAC,CHCO,OPCH,CZR,PLBL,UTHR,ICCC,DMAA,CDZI,HCACU,DSWL,DASH,ETON,AAME"
-0.589543,5.649403,0.03,0.04,0.02,0.01,RANDOM,2653,20,"NATR,QQQX,PSTV,IPGP,ADBE,GMGI,CHAR,BNGO,CMPX,CFLT,HNVR,NPCE,JCTC,HVMC,GRCE,AMLX,LYFT,GSAT,DAVE,PEBK,CHAC,DSWL,PEGA,NPT,GWRS,IMPP,NEON,CZNC,BSRR,KTCC"
-0.597397,5.664274,0.04,0.05,0.01,0.01,RANDOM,2653,20,"NTNX,ACHV,GMGI,CHDN,ELTX,ADAG,QTI,EGAN,SEV,IRDM,FIP,MAR,NCMI,RAAQ,BELFB,MATH,MSEX,MBLY,CARG,ANSC,ARQT,CRON,CWST,CNTB,INGN,LMRI,UONE,NEON,GRNQ,AZTA"
-0.603858,5.671803,0.05,0.03,0.03,0.02,RANDOM,2653,20,"HON,BDSX,COCO,NCSM,GMGI,FRGT,GTX,QNRX,ATAT,INOD,BFRG,RAPT,OPCH,NXTT,HALO,DYORU,RDAG,EGHT,OBA,CPSS,RDI,CRON,NWSA,JOUT,ASTE,DHIL,MIST,CINF,FNKO,GREE"
-0.61398,5.674882,0.04,0.03,0.01,0.01,RANDOM,2653,20,"AEC,BKR,COLAU,LFVN,CLDX,GMGI,ALIS,GERN,PUBM,FANG,FEIM,ALTI,CRML,QCRH,BIDU,FLYW,AACG,ORIQU,KVHI,WAY,HELP,NRSN,GDEV,OPRA,ALMU,FMFC,CLNE,LNTH,PONY,AMCI"
-0.638821,5.680128,0.06,0.0,0.01,0.02,RANDOM,2653,20,"JLHL,NHTC,BZ,DLTR,GMGI,EVOX,PRPL,LPSN,LVO,ALEC,HAVA,MLKN,TEM,FATBB,MOLN,GRCE,CHR,CXAI,CEPV,CNDT,BTAI,QMCO,UNB,FSBW,CLST,PDD,CME,AFCG,AARD,AEVA"
-0.64226,5.681804,0.07,0.04,0.01,0.01,RANDOM,2653,20,"ASND,CRAI,BMR,CLDX,COLL,GMGI,BLRX,III,NRDS,QCRH,HLIT,FORA,ENVX,AEHR,MCHP,ESOA,AXG,CAPN,ENTX,ARVN,OXBR,FTAI,REKR,HOLX,IMNM,KMTS,LONA,BHST,BUUU,GOAI"
-0.663398,5.690338,0.04,0.03,0.01,0.01,RANDOM,2653,20,"PAA,KFFB,AGNC,GMGI,CG,MMLP,CATY,IPHA,EDTK,IMG,GURE,PMVP,FATBB,HOFT,ADI,HBNB,APRE,MGEE,FVN,CHEF,HUHU,MTRX,JOUT,FOXX,REKR,OMAB,GWRS,ANIK,LITS,MCHX"
-0.727116,5.754857,0.06,0.03,0.01,0.01,RANDOM,2653,20,"PRME,NHTC,MGTX,CDIO,GMGI,CURI,CLMT,KLTO,LPLA,JL,IRDM,RDCM,KLIC,NRIM,RKLB,FIVN,CCIX,CVLT,GTIM,ASUR,UNB,PEBO,MDRR,AGH,GEOS,ALDX,FCFS,BON,LPTH,GIG"
-0.761409,5.819516,0.01,0.04,0.01,0.01,RANDOM,2653,20,"CSAI,KC,DPRO,GMGI,NEGG,NXST,GEHC,ONEW,ALBT,ONMD,EJH,BDMD,NBTX,BKYI,CVRX,ANNX,VSEE,NAUT,FSBW,QSI,ACAD,NCT,IMMP,NVCT,COLM,PAYS,BAND,LILAK,KG,HSPT"
-0.808441,6.611607,0.09,0.01,0.01,0.01,RANDOM,2653,20,"NWPX,MRCC,PMEC,KIDS,GMGI,PCAR,PESI,IMUX,GCTK,GLBE,NCI,AMGN,OCC,CPRX,ESHA,MODD,KDK,LTRX,ALLO,AIP,CRWD,MENS,BYND,REKR,PRZO,DOMO,EQ,QNCX,CSIQ,SWKS"
-0.499633,5.643104,0.0,0.09,0.01,0.02,RANDOM,2653,21,"CVBF,BCAR,PRME,NWE,BSAA,INDB,GMGI,CURI,NXST,DTI,ETHM,JL,OAKU,BDCI,MGPI,INDV,ABOS,LRHC,KRMD,BWMN,APVO,BELFA,BLTE,ALCY,ICMB,IROQ,CHY,EMIS,NCPL,AZTA"
-0.603469,5.647792,0.15,0.1,0.03,0.01,RANDOM,2653,21,"LGO,MU,BLFS,KIDS,ADXN,GMGI,EVOX,LITE,ICUI,PRAX,NKSH,KLIC,OPXS,GRVY,CMBM,MCHB,MIRA,KRUS,MNST,ACIC,BCDA,KGEI,VEON,CLNE,RGEN,MOMO,FRBA,PBYI,CVCO,MGX"
-0.632954,5.672078,0.03,0.02,0.02,0.01,RANDOM,2653,21,"ALCO,BRCB,LIND,AROW,ACRS,EMAT,INDB,GMGI,KURA,LSTA,WFCF,BSBK,REAL,IMDX,CRIS,ESEA,ENPH,CAKE,HVMC,DXCM,LPBBU,GALT,AVO,LLYVK,ARBB,PSNYW,FRD,GDTC,KMB,CURR"
-0.641223,5.678349,0.23,0.06,0.01,0.01,RANDOM,2653,21,"AXSM,OPK,LASR,KUST,ASPS,GMGI,DFLI,GYRO,ESCA,NBTX,AMAT,GNPX,ACET,FORM,QTTB,MGNI,UTHR,AVO,HROW,MZTI,COST,CIGI,MKSI,GRRR,AMBR,GWRS,FONR,GLPI,CFFN,ALGM"
-0.665167,5.687687,0.04,0.03,0.01,0.01,RANDOM,2653,21,"AUID,NWE,ORRF,HDSN,PLTK,APYX,LAES,GMGI,EXC,CRVL,BWB,SEV,EMBC,LCNB,CRBU,DWSN,PCB,CELU,GCBC,ANNX,FIZZ,FORM,IFBD,KOSS,AXTI,GOOGL,CLST,ECOR,KSCP,MEHA"
-0.687255,5.709819,0.04,0.03,0.01,0.01,RANDOM,2653,21,"AMRX,MRCC,CGO,BDSX,FBGL,GMGI,IBG,ECPG,CBUS,NYAX,LEGN,FEBO,DRMA,CEPO,EPOW,NKTX,JAZZ,OPXS,AAON,PEGA,VALU,NICE,OBT,EPRX,PSIX,INGN,GDTC,INSG,BRAG,KTCC"
-0.691895,5.991155,0.08,0.03,0.01,0.01,RANDOM,2653,21,"AXSM,SUIG,ANTA,GMGI,PRVA,ALM,CLMT,HFBL,NYAX,NCI,INOD,HOPE,QUIK,ESGL,MIRA,IMA,RKDA,CADL,RCKT,EA,RGLD,HBNC,FIGX,HPK,FORTY,NWFL,CPBI,NUWE,KMB,IMPP"
-0.725081,6.001074,0.04,0.08,0.01,0.02,RANDOM,2653,21,"EVTV,GLSI,ONB,GMGI,AMAL,IMVT,GYRO,LEGN,NCI,LBRDA,RMBS,SBFG,AEHR,HWH,PGEN,APRE,NTRS,ORIO,DBVT,CDZI,AUBN,CLPS,NSTS,MQ,GLE,KRNT,FWONK,VIRC,JD,CVCO"
-0.742542,6.031435,0.01,0.03,0.02,0.01,RANDOM,2653,21,"NRIX,GMGI,CHCI,CALM,HUDI,ODYS,BTTC,HSDT,MPB,FEIM,BKYI,FISV,NCI,FOLD,BTM,EPOW,VSEE,CODA,LGN,LGVN,RIVN,KOD,AWRE,HCACU,GHRS,BNAI,ACLS,EZPW,MRTN,MDXG"
-0.556988,5.642863,0.1,0.05,0.02,0.01,RANDOM,2653,22,"ARGX,LQDT,BKR,SWKH,OXSQ,COLAU,ACGL,GMGI,LIFE,LFST,CCG,NMP,LBRDA,PLXS,NOVT,AMBA,PKOH,MGYR,BULL,BMBL,NVEC,OBA,MDRR,DIBS,BYND,AEMD,BAND,CHMG,JD,RLYB"
-0.587422,5.650259,0.11,0.03,0.0,0.02,RANDOM,2653,22,"MSFT,MU,BDSX,GMGI,IZEA,FLNT,GRFS,CRBU,ASTC,PSEC,NEXT,QETA,JYD,CRBP,PLPC,EYE,DAIO,KLXE,LTRX,AXG,KFII,ADSK,ALCY,AHCO,KGEI,CNEY,CLRB,IKT,CSCO,NCNA"
-0.614178,5.661767,0.03,0.03,0.01,0.01,RANDOM,2653,22,"PAA,CSX,HMR,BMRC,PHUN,NFE,GMGI,ARLP,BBIO,IMUX,HIND,OAKU,CGEN,CEPT,BDCI,CNXC,HTO,NVCR,MFIC,NSSC,ATEX,ARM,CRWV,MLTX,OFS,GAIN,PAYO,OSW,CLBK,PTCT"
-0.665082,5.668296,0.04,0.1,0.02,0.01,RANDOM,2653,22,"NDAQ,BTBD,FHTX,BMM,SLAB,GMGI,NXST,PACH,FVCB,HIHO,BATRK,ICUI,CTRN,CLYM,LIXT,SCWO,OSIS,GTEN,HKIT,GLDD,BTAI,OBA,TW,PRSO,AAL,MORN,PCRX,PSIX,DSGR,INEO"
-0.73123,5.741632,0.19,0.02,0.01,0.01,RANDOM,2653,22,"AEI,GLUE,IMOS,MAZE,MDCX,ELOG,GMGI,ARLP,MLEC,CURI,METC,JFIN,LVO,PTEN,BBCP,FFIV,GURE,CRDF,CODA,BBLG,KLAC,INNV,AAOI,MLYS,LEE,GEOS,LAKE,CHPG,GWRS,DNMX"
-0.739324,6.004496,0.09,0.01,0.06,0.01,RANDOM,2653,22,"ASND,UFCS,LASR,LVLU,FLL,ACGL,GMGI,ELTX,GPAT,ASTC,NRDS,NCI,APLD,MRBK,DH,GNTA,INDV,RGLD,ISPR,BYFC,LKSP,ATII,AMIX,DNUT,CHTR,FMFC,ALOT,DJCO,GSHR,RLYB"
-0.754361,6.104713,0.09,0.01,0.01,0.01,RANDOM,2653,22,"LIND,INTU,EMAT,QH,MCFT,INMB,CUPR,GMGI,MLEC,KURA,AMZN,BBIO,VISN,RXT,GCTK,JRVR,CGNX,CSQ,MSEX,EDSA,MIRA,ESHA,AAPG,DASH,AGEN,FSUN,NDRA,PCSC,FUND,PELI"
-0.833282,6.301732,0.12,0.08,0.0,0.01,RANDOM,2653,22,"FUFU,ONB,GMGI,PRPL,OTGA,EOLS,MNY,PRCH,MAR,NCI,GP,AGIO,RIME,CPRT,AMGN,CORT,RGLD,MVIS,DGII,NAMS,NGEN,AEP,ADIL,FIGX,ALKT,POWL,ATLX,FMFC,CIIT,PTGX"
-0.531736,5.638086,0.02,0.02,0.02,0.01,RANDOM,2653,23,"FFBC,GMGI,CARL,CNXN,ARQ,AQMS,MVBF,AUGO,DLTH,NTSK,MOLN,HQI,KVHI,MKLY,HRZN,ALDF,MSGY,CPSH,RDAGU,BTMD,IGAC,AIHS,CZFS,DBX,ETON,EPSN,MTSI,FBLA,VIRC,LILA"
-0.576467,5.647041,0.05,0.03,0.01,0.01,RANDOM,2653,23,"FBLG,FSEA,PLTK,GMGI,CAMP,JL,PRTS,ABUS,LWAC,PSMT,GENK,NCRA,RELY,FIZZ,FOXA,LAUR,OSBC,PCYO,DVLT,POCI,MNST,ATII,API,CBNK,REYN,NWFL,MDLZ,MTSI,CBC,IVF"
-0.584325,5.654306,0.02,0.02,0.03,0.02,RANDOM,2653,23,"PMCB,CCD,ISTR,CUB,PRLD,ONB,GMGI,HSIC,ORLY,HTCO,CGEN,MLKN,BDCI,RCKY,GLDD,PYPD,ALT,EVO,LBRX,APXT,FLWS,PDEX,BYND,RANG,FCBC,OMAB,CLMB,VIRC,EVGN,FNKO"
-0.585573,5.659994,0.12,0.06,0.01,0.01,RANDOM,2653,23,"CRAQ,GMGI,ASMB,NWBI,ADP,NNDM,LITE,CGTX,OCS,HFWA,AKBA,TILE,MATW,BKYI,BLZR,AIXI,JFBR,BELFB,OCCI,APXT,PLMR,GOOGL,POWW,AARD,KZR,FRPT,KARO,KZIA,CURR,NCNA"
-0.611403,5.661099,0.12,0.03,0.01,0.02,RANDOM,2653,23,"NVTS,BMM,FCEL,NSIT,GMGI,ORIQ,FDSB,FLNT,PASW,ACNB,MYGN,FTNT,PECO,RCKT,ALMS,CVLT,NICE,BCRX,HURC,CRWD,PSIX,QUMS,DRDB,IESC,LAMR,FORR,COFS,BON,LONA,BOTJ"
-0.632372,5.669216,0.13,0.02,0.01,0.01,RANDOM,2653,23,"CSAI,CVKD,ACGL,GMGI,ALIS,ORIS,BATRK,NNNN,EXTR,LEGN,INHD,ICU,CRBP,DTSQ,NNBR,ADI,UTHR,RZLT,TW,HIT,CRAN,KGEI,RDIB,FCFS,GLPI,LILA,MBAI,ITOC,MEHA,PTCT"
-0.633094,5.670969,0.13,0.04,0.01,0.01,RANDOM,2653,23,"QQQX,ANY,MIMI,RDNW,DUOL,PENN,GLSI,GMGI,EVOX,LAFA,IRD,ARQ,MVBF,JL,BLRX,AMAT,IDCC,GABC,CRDF,FORA,ATEC,EFSI,OBT,CMCSA,ALCY,FBNC,NVAX,BLIV,IESC,DORM"
-0.650837,5.688483,0.04,0.02,0.01,0.02,RANDOM,2653,23,"PCVX,IMOS,PSTV,GMGI,AMKR,CELH,ATHE,GAIA,ORGN,DLO,HERZ,MAYS,ATRO,LULU,ANDE,LASE,ANTX,ALLO,PRAA,ALNT,CAPN,PSNYW,CPB,BZUN,BWFG,DHC,BTQ,CABA,CTSO,BTSG"
-0.705424,5.7076,0.06,0.01,0.01,0.01,RANDOM,2653,23,"INDI,PLMK,CCD,SATS,GMGI,CNXN,CSGP,BNTX,IMUX,NMRA,FVCB,MBIO,CISO,EGAN,SEV,LAFAU,ATOM,FIEE,BUSE,ABUS,ADGM,ACOG,FIVE,BTAI,PCYO,CPSS,ARWR,KRT,INTS,KMRK"
-0.726834,5.742048,0.15,0.03,0.02,0.01,RANDOM,2653,23,"SILC,ODFL,CDIO,DLTR,GMGI,ELTX,DOGZ,IPHA,ATHE,TILE,CHRS,RPAY,BLZR,MTEN,EQIX,NTLA,GIFT,BAFN,IPAR,GRVY,CALC,ILMN,OABI,AAOI,FEED,MLYS,BSVN,FSV,ETON,BUUU"
-0.744116,6.103159,0.02,0.06,0.02,0.01,RANDOM,2653,23,"HBAN,CDIO,GMGI,NEGG,CHCI,BATRK,KPLT,BFST,RPAY,MRVL,CASH,ATRO,RELY,DMAC,RJET,IHRT,ALRM,PLPC,GIW,PULM,HROW,ASUR,RDI,GOCO,LLYVA,CBFV,GEMI,ALTS,ELDN,KELYB"
-0.450779,5.641017,0.0,0.04,0.04,0.02,RANDOM,2653,24,"DCOM,BSAA,BDRX,CLFD,BZ,NSIT,FDBC,GMGI,CURI,FDSB,MMLP,CYCN,JMSB,CNOB,SCWO,DRDBU,MFI,HOLO,MZTI,AWRE,VMD,AIRO,WBD,FCAP,LTRN,DHIL,KRRO,PZZA,BHRB,OVLY"
-0.493053,5.645831,0.0,0.04,0.02,0.02,RANDOM,2653,24,"SILC,GMGI,EBON,PFAI,OCS,MTEX,CFBK,CRSP,MNOV,III,RDCM,APOG,GRCE,ELUT,HSTM,FTLF,KPRX,CNXC,BEAG,BELFA,PAGP,ANSC,AFRM,BSET,PDEX,MBX,MKDW,NCNO,INGN,FRBA"
-0.548938,5.646065,0.2,0.02,0.01,0.02,RANDOM,2653,24,"AXGN,GO,FCEL,ODFL,GMGI,PCAR,PRVA,CARE,BFST,INKT,DRCT,HQI,INVA,KPRX,ERIE,ANDE,ALF,OCSL,FLWS,NDLS,PDEX,API,HELP,MLTX,DRDB,PSIG,ASML,PONY,ELSE,APAD"
-0.57004,5.646757,0.05,0.06,0.01,0.01,RANDOM,2653,24,"INMB,LAES,RCON,GMGI,IRMD,OTTR,BKHA,NXT,DMII,PRAX,NTAP,HWKN,PRTS,OFLX,RAPT,IRON,OPXS,AIFU,RIGL,BATRA,ALXO,INO,MAPS,FHB,MDBH,ACIC,KRNT,OLPX,HIMX,PZZA"
-0.579043,5.648249,0.29,0.02,0.02,0.01,RANDOM,2653,24,"AEC,EVTV,PLMK,BMM,APYX,ADXN,GMGI,USEG,ARQ,CAC,FOLD,BCAB,CTOR,FWRG,ICU,LULU,KLAC,CVLT,IMNN,CWCO,MRX,GBLI,ARKO,GLPG,OMSE,CEG,MIST,CASY,RIBB,NBIX"
-0.614809,5.655117,0.31,0.03,0.01,0.01,RANDOM,2653,24,"HMR,MELI,CWBC,GMGI,PESI,HTBK,HFBL,BBOT,NOEM,FFIV,IRTC,ISSC,MAR,IMMX,VIOT,CCG,NCRA,UCTT,FCCO,MGNI,EYE,ACHC,UTHR,ENTG,NKLR,FRD,EQ,KMB,FRMI,BRLT"
-0.616453,5.670919,0.04,0.02,0.02,0.01,RANDOM,2653,24,"NATR,AUDC,APA,GMGI,MITK,OCS,DRS,PRAX,LOKV,INCR,CEPT,EYPT,OM,QUIK,PLSE,EHLD,NVA,GLAD,CPHC,NTIC,PSNYW,EBC,NGNE,FEAM,MDIA,CBRL,DOO,DDI,AACBU,NEWT"
-0.643205,5.685691,0.06,0.03,0.02,0.01,RANDOM,2653,24,"LGO,PLUG,MCBS,GMGI,PLBY,HIND,GLTO,ASTC,NTLA,IDYA,LOBO,LRHC,DYORU,LNKB,GSBC,NSSC,ESOA,PLMR,GTIM,EVRG,BNZI,NEUP,IESC,PPIH,SFST,LONA,FONR,BOTJ,ENGS,ALGM"
-0.678481,5.692072,0.01,0.03,0.03,0.01,RANDOM,2653,24,"BMRC,CYCU,HURA,GMGI,LINE,CNXN,ADSE,BATRK,GRDX,KDP,MESH,NBTX,GSIT,GDEN,FSTR,FRST,MZTI,VALU,PRAA,LKSP,CPZ,PDLB,CWCO,MLCO,LEE,MDLZ,FRD,HCAI,FORR,PLUR"
-0.745673,5.778102,0.03,0.01,0.01,0.02,RANDOM,2653,24,"NVNO,EXEL,FBIO,CVKD,GMGI,KLTO,FGBI,ONMD,ASTI,MDXH,DRTS,HAVA,ANGO,CCLD,COCH,MBOT,OYSE,ACLX,BJRI,PLBL,DTSS,LNKB,FTNT,MMTXU,BAER,BBCQ,ELWT,COKE,STRR,BIOA"
-0.873976,6.757754,0.01,0.03,0.02,0.01,RANDOM,2653,24,"UROY,KFFB,NDAQ,TWIN,QH,RGC,GMGI,FRGT,MLAB,RXT,ACT,NCI,BAFN,AMLX,KOYN,BATRA,AAL,CBSH,OFIX,PNTG,DSY,NVCT,LUNR,LKQ,VBNK,DOO,OLB,KYNB,NNOX,COEP"
-0.463652,5.642031,0.04,0.04,0.04,0.01,RANDOM,2653,25,"AMSF,MRCC,MEOH,APPN,LFVN,REBN,GMGI,PANW,BBIO,DMLP,BCPC,OPRX,CBK,MBWM,GROW,FNLC,ANIP,FTNT,LPBB,GAUZ,BBGI,HBNC,MYFW,CLST,NODK,DHIL,EMIS,LYTS,LAMR,LPTH"
-0.545823,5.64473,0.14,0.02,0.02,0.01,RANDOM,2653,25,"EHGO,KFFB,PCLA,INTU,LAES,CBLL,GMGI,PRQR,CELH,OCGN,JL,LIFE,BAYA,PRTS,REE,BUSE,EQIX,BODI,BANX,MGNX,ANIP,MYGN,ACET,FIVN,MBAV,ARCB,BCRX,MBVI,ESQ,CREX"
-0.567256,5.649911,0.07,0.03,0.02,0.01,RANDOM,2653,25,"SILC,PENG,GMGI,AXIN,BACQ,BOKF,QTI,ECX,CGC,NBTX,CRSP,BVFL,CEPO,MXCT,CECO,ALNY,BJRI,CNXC,MCGA,CNDT,OBA,TW,RCAT,GIGM,ADSK,IVVD,MLTX,KGEI,CHY,BSRR"
-0.573074,5.657997,0.0,0.04,0.01,0.02,RANDOM,2653,25,"FFBC,ETS,PXLW,UCAR,ALHC,PTLO,GMGI,WFCF,CRE,CAC,CSWC,NAUT,AEHR,GSRF,HTO,HSAI,EHLD,QRVO,PDEX,AHCO,BEAT,ELWT,MSS,ACLS,CCII,FRD,DDI,HYFT,MCHX,PELI"
-0.628737,5.658695,0.05,0.04,0.01,0.01,RANDOM,2653,25,"NXGL,PODC,APPN,LAES,GMGI,GERN,CXDO,GPAT,DRTS,INCR,BCG,MKTX,BCAB,FORA,ALNY,DAAQ,GPRE,MIDD,FAST,KFIIU,FHB,MANH,MLTX,ELWT,KTTA,RBB,CREX,SNES,ILPT,BRLT"
-0.645652,5.680965,0.05,0.02,0.01,0.02,RANDOM,2653,25,"BRKR,LQDT,PRLD,FBGL,GMGI,NWBI,NNE,GYRO,NN,IREN,LAFAU,BLZR,FISV,CCC,MAYS,CCEP,LWLG,HAIN,EVO,LMNR,PNTG,ADSK,LCFY,ACON,GLE,MARPS,RICK,CCOI,MBAI,FSHP"
-0.667112,5.698686,0.12,0.03,0.01,0.01,RANDOM,2653,25,"AEI,LGO,RBNE,VTGN,MSBI,GEN,APPN,FLL,FBGL,GMGI,ORIS,VSAT,BGC,RAIL,BDMD,CAAS,AGIO,WDAY,ALKS,HSAI,ACHC,GTBP,COST,DGII,BBNX,ALKT,AEVA,FRPH,PPHC,KALA"
-0.670235,5.719971,0.1,0.02,0.01,0.01,RANDOM,2653,25,"ATPC,HURA,FSEA,REBN,GMGI,FACT,MAR,NCMI,ENPH,LEGN,DEVS,FEBO,OGI,LAB,REE,NKTX,EXPI,NWTG,MCHP,AZN,APRE,CLOV,PRTC,ORKT,CASS,MDB,CIGI,LCFY,LEE,CBAT"
-0.674946,5.720207,0.07,0.03,0.01,0.01,RANDOM,2653,25,"LFWD,HURA,GMGI,ILAG,HIND,AEBI,MITK,BCPC,OCS,IMMR,FER,ATGL,QUIK,HALO,LNKB,PLAB,OCCI,GGR,ALZN,KNDI,KPTI,DPZ,LIDR,ADTX,DHC,HCHL,FRBA,ATXG,MASI,JBIO"
-0.716739,5.756788,0.1,0.01,0.01,0.01,RANDOM,2653,25,"CSX,HURA,KUST,HLP,GMGI,ILAG,ACFN,ABTC,CRIS,LCNB,ESEA,FIEE,LFST,BLFY,JAZZ,EDSA,OTLK,AXON,PAL,IMNN,AIP,BBCQ,BRZE,PBM,KSCP,REYN,OFS,NVAX,DCGO,CTAS"
-0.727267,5.808945,0.03,0.07,0.01,0.01,RANDOM,2653,25,"NXXT,GO,ODFL,FLL,GMGI,CAI,IRD,INBK,JAGX,NTSK,IRIX,AEHL,CMPS,PRTS,APRE,DMAA,ANSC,PN,LIVN,GLE,BYND,MSS,DHC,NITO,CACC,IMRN,NKTR,CURR,ERAS,HOOD"
-0.732289,6.019397,0.07,0.06,0.02,0.01,RANDOM,2653,25,"BTCS,GLXY,BTBD,NVTS,ONB,GMGI,CHDN,DRUG,GCL,CGON,PVLA,MNY,LRCX,MDLN,LOKV,GLBE,NCI,MXCT,OSIS,PSEC,AMLX,QTTB,RCAT,CRWD,HST,CLNN,BITF,BHRB,CCNE,ANL"
-0.764727,6.081881,0.02,0.03,0.01,0.02,RANDOM,2653,25,"ANTA,DKNG,FFIN,KEQU,GMGI,MLEC,NISN,PSNY,IMUX,RXT,LEGN,RAIN,BAYA,MDWD,ABUS,LQDA,INCY,OCG,BJRI,BGL,ALLO,NICE,ALKT,BMRA,GFAI,COLM,SVC,ELDN,PBYI,PTCT"
-0.818318,6.121924,0.01,0.04,0.02,0.02,RANDOM,2653,25,"LGO,RXST,CCD,MBCN,BIAF,AREB,HURA,SLAB,BTOG,GMGI,LESL,PACH,WFCF,DWTX,MLAB,NCI,CAKE,BMEA,JSPR,BOLT,GANX,AAOI,CAPN,MLYS,AGH,BLBX,BDTX,MGRC,LITS,PCSA"
-0.507605,5.644932,0.05,0.01,0.01,0.02,RANDOM,2653,26,"NTNX,MNSB,GMGI,GMAB,FNWD,ONEW,EDBL,CRWS,BLRX,BLFY,OGI,CAKE,CMMB,CDNA,PSEC,GTEN,IDYA,CORZ,IPOD,DTSQ,GOOG,DUOT,AVO,FLWS,GIGM,AIHS,NVX,PEP,OPAL,ELDN"
-0.538809,5.648024,0.08,0.01,0.03,0.01,RANDOM,2653,26,"LOAN,LFWD,GMGI,CZWI,FENC,ADP,EXLS,GNSS,BENF,DRH,CENX,DXCM,ISPC,FSTR,ENTA,FLEX,JAZZ,SZZL,ATEX,HOTH,PHAR,CBNK,PCAP,CSTL,CPB,CZFS,APWC,COFS,LAKE,EXPE"
-0.581788,5.649924,0.05,0.04,0.01,0.01,RANDOM,2653,26,"AXGN,ISTR,PRE,GFS,KIDS,GMGI,DOGZ,HAVAU,EFSC,NNDM,ODYS,QTI,VIOT,POOL,HYNE,LSCC,AIRT,LINC,AIRG,CAMT,IONS,ARKO,ARWR,NVCT,DIBS,AMRN,BAND,EU,CABA,ADUS"
-0.583489,5.65169,0.04,0.08,0.02,0.01,RANDOM,2653,26,"LOAN,CVBF,ETS,AGNC,GMGI,CG,GERN,IRD,FACT,DRTS,PRDO,IOSP,EH,LNKB,ILMN,GIW,KOD,PCYO,ASPI,GSHD,VALU,OBT,PRGS,RMBI,CSTL,CNTB,EKSO,CHTR,CVCO,MDXG"
-0.600068,5.660866,0.01,0.02,0.01,0.01,RANDOM,2653,26,"BCAR,ORRF,ARBK,CWBC,GMGI,CCC,KVAC,NKTX,ENGN,GRAB,GNTA,EBMT,UCTT,ARKR,GSAT,PECO,JG,EVO,PDC,ARCC,SBFM,BEEM,IMNM,CABA,OXLC,MCHX,MBAI,KZIA,ON,NXTC"
-0.642902,5.662008,0.13,0.04,0.01,0.01,RANDOM,2653,26,"CLBT,ETS,GMGI,CLMT,IMVT,MMYT,PLTR,REGN,MBOT,RLMD,LNT,KLIC,MAMA,GMHS,BATRA,MACI,BCAX,QSI,MTC,KFII,APPS,HPK,QNST,CME,MTCH,FRPT,NGNE,CDLX,ELSE,NTWK"
-0.643911,5.668545,0.05,0.02,0.02,0.01,RANDOM,2653,26,"JLHL,ERII,HMR,PSTV,PFG,FDBC,NFE,GMGI,PGC,ELTX,GERN,REAL,CRIS,NTLA,EBMT,ABOS,CHR,JAZZ,PKOH,CRMD,LBTYK,RKLB,ABNB,MLCO,CWST,VEON,COFS,CGEM,ELDN,PZZA"
-0.649553,5.676443,0.21,0.04,0.0,0.01,RANDOM,2653,26,"MSFT,IMTE,FBIO,PLRZ,GMGI,NMRA,LITE,EJH,CRSP,FITB,EQIX,MAMA,BCAB,IMKTA,JOYY,ARKR,CRMT,CPRX,GLBS,HITI,CBIO,CLPS,IMNN,OFIX,SBFM,FELE,FMFC,AAME,ARBE,MNDY"
-0.679488,5.697627,0.02,0.04,0.01,0.02,RANDOM,2653,26,"ERII,ARTV,GMGI,KMDA,PACH,IRD,CRVL,CGEN,FMST,PMVP,MDWD,AFBI,CTBI,FIVE,EDRY,BELFA,HBT,CNVS,CHEF,FEED,ATII,ADEA,BSVN,HIT,GV,BLBX,LNSR,FLX,FRD,NTWK"
-0.693492,5.721241,0.1,0.03,0.02,0.01,RANDOM,2653,26,"NATR,HDSN,GNTX,HURA,CLIR,GMGI,KYTX,BSBK,JL,ONC,FLUX,CURX,FATN,PANL,EFSI,BCAX,MBAV,DMAA,EHLD,PEGA,BCRX,HUMA,SBFM,QNST,ISRG,ALGT,LTRN,BHRB,BFC,INSM"
-0.709898,5.758954,0.05,0.03,0.01,0.01,RANDOM,2653,26,"IMSR,HURA,PLTK,GMGI,LOCO,BCAL,APM,GPRO,RETO,RLMD,MNOV,ENLT,FATBB,ADGM,BTCT,CGNX,AMGN,RDVT,KDK,KITT,CAMT,CISS,NSYS,COLM,FOSL,FSUN,HST,COEP,BLKB,GMM"
-0.729884,5.901284,0.0,0.02,0.01,0.01,RANDOM,2653,26,"GMGI,EZGO,ALM,ALBT,ATHE,MESH,MNTS,ISSC,COCH,DLO,FTFT,AVTX,AIXI,ACNB,HTOO,FSLY,RKDA,ALZN,MOVE,ARCB,OLMA,PHAR,PDLB,EVCM,CPBI,JZXN,PRZO,AOSL,IZM,IKT"
-0.739492,6.003208,0.07,0.02,0.02,0.01,RANDOM,2653,26,"LQDT,BPOP,AVXL,CTW,GMGI,ASMB,PLBY,HIND,JYNT,RXT,MEDP,BFST,DLO,SDGR,MFI,LBRDK,SAMG,NOMA,CRDL,DSWL,TZOO,CBNK,MTRX,LNTH,MOMO,ALOT,SHOP,NKTR,CTKB,NEOG"
-0.750871,6.028158,0.08,0.02,0.01,0.01,RANDOM,2653,26,"CTSH,LOGI,NFE,GMGI,GIBO,FGBI,DRTS,ORGN,CCLD,NRC,NCI,FATN,ONCH,PXS,AZN,PGEN,APRE,CORT,AXTI,DSWL,GLNG,PSNYW,HCHL,CEG,VEON,PPIH,HTHT,PRFX,MNRO,AOSL"
-0.795728,6.07282,0.02,0.1,0.01,0.01,RANDOM,2653,26,"BKR,EVTV,ENSC,CDIO,ROCK,GMGI,MYRG,CHRD,CING,PLRX,RIME,GRAB,BMHL,MACI,MIRA,DMAA,LLYVK,ALLO,QRVO,GUTS,GIGM,PN,HPK,CBNK,OSRH,BGIN,CACC,FMFC,CDLX,CNET"
-0.471467,5.646646,0.16,0.03,0.01,0.02,RANDOM,2653,27,"GAMB,MSBI,ALHC,FLL,GMGI,ORLY,PACH,MVBF,LCNB,SPRB,BAYA,DJT,BLUW,PHVS,MYGN,ALRM,BOSC,ACOG,CRMT,ANDE,FOXA,CCIX,DGXX,MCRI,OCSL,PAL,AIRG,CREX,ASML,MREO"
-0.509985,5.647138,0.02,0.02,0.03,0.01,RANDOM,2653,27,"BKR,EFOI,BNC,LYRA,NCSM,GMGI,FMBH,OS,RDWR,BNTC,CAC,BDCI,SDGR,CODA,PSEC,OPRT,RARE,FIVN,ALPS,KRUS,DFSC,PCAP,NEUP,LYEL,HOLX,AURA,CENT,GLPI,ADUS,AMCI"
-0.548641,5.649674,0.09,0.0,0.01,0.02,RANDOM,2653,27,"LAES,BMGL,ADXN,GMGI,GECC,NTRA,FNWD,LPSN,HNVR,ISSC,ARAI,ABUS,GSIT,EH,CRVS,ERIE,FULT,NTRP,CEPF,DGXX,APXT,IPSC,AGEN,SLRC,MTSI,HIMX,CLNN,NWS,NVDA,APAD"
-0.552058,5.650739,0.07,0.04,0.01,0.01,RANDOM,2653,27,"COGT,GMGI,HTZ,DTIL,FATE,RGCO,MTLS,TEM,PRDO,ATAT,OSIS,DXCM,MKTW,CRMD,LNKS,CHRW,MKLY,PULM,OSBC,DFTX,BLNE,AEP,ALCY,CBFV,KZR,KRRO,LAMR,OSW,HOOD,ABVC"
-0.624201,5.651071,0.05,0.06,0.01,0.01,RANDOM,2653,27,"FFBC,ICCM,AGYS,CVKD,PRLD,GMGI,OTGA,PGAC,MMTX,OMER,MGNX,AIRE,QCOM,OSBC,DNTH,GPAC,GLBS,CHAC,PAGP,IOBT,IMNN,MORN,IGAC,MBVI,QCLS,EZPW,KRYS,LPCN,NBIX,LSTR"
-0.681324,5.677096,0.02,0.05,0.02,0.01,RANDOM,2653,27,"AMRX,CVBF,PAA,RBKB,LASR,GMGI,ALM,ORLY,AFRI,RAIL,ENPH,RCKY,LWLG,EEFT,GPRE,ELVR,OCCI,CNDT,BELFA,AKAN,GLXG,AGEN,RBB,CNCK,HST,CHMG,OESX,PFBC,KMB,PELI"
-0.723739,5.728204,0.01,0.07,0.01,0.01,RANDOM,2653,27,"JFU,CVBF,PIII,AVXL,GMGI,LENZ,DOGZ,GSM,QTRX,ATOM,HDL,NTAP,RDWR,AVTX,CAKE,ABUS,PMN,CABR,KOD,BBGI,CHNR,CDZI,BELFA,ALLO,ICHR,GSHD,MLTX,OMAB,MDIA,KYMR"
-0.767108,5.761128,0.03,0.02,0.02,0.01,RANDOM,2653,27,"LOAN,EDAP,HURA,PLTK,ASLE,CWBC,GMGI,CXDO,ONMD,CTRN,BDMD,GRPN,GH,HHS,PFIS,LE,CVLT,AXG,AXTI,CBIO,RDI,CRWV,BOF,PSIX,AKAM,LRE,GSHR,CBC,FULC,OSS"
-0.808605,6.00813,0.02,0.02,0.01,0.01,RANDOM,2653,27,"PIII,QURE,COLL,GMGI,PSNY,ICON,LVO,GERN,CGON,OCGN,RXT,ECPG,FISV,KLTR,BDCI,BMEA,GNTA,CRMD,CCBG,HOLO,NOMA,RCKT,OBA,PAYO,LAMR,PPIH,KG,LONA,ERAS,GDHG"
-0.525657,5.649016,0.04,0.06,0.01,0.01,RANDOM,2653,28,"IMXI,OMCL,ANTA,LYRA,GMGI,IMUX,BNGO,EGAN,HQY,HCAC,ACT,REE,DXPE,QFIN,IBOC,INHD,FISI,PLPC,EDUC,DGICA,MDBH,HIT,GLE,ETON,HST,KYNB,PCSC,ROP,FNGR,FEMY"
-0.558192,5.65046,0.02,0.07,0.02,0.01,RANDOM,2653,28,"PCVX,BLFS,REBN,GMGI,GILT,FDSB,MYRG,AUPH,QNRX,BLFY,RMCO,BDCI,APLS,COHU,CCBG,MCGA,GSAT,HYPD,HAFC,SBFM,NGNE,CREX,QCLS,ACIW,CGEM,DOO,MGRC,SEPN,SHOP,ALGM"
-0.600107,5.653564,0.03,0.02,0.04,0.01,RANDOM,2653,28,"UFCS,MASS,GMGI,PSNY,CELH,INBK,LGIH,CAC,FERA,LCID,BLDP,GMHS,BJRI,JOYY,DTSQ,NDSN,KRUS,CCCC,CBFV,BWFG,GDC,MPLT,ACTG,VEON,HYFM,MRTN,CLBK,HRMY,KROS,BUUU"
-0.618086,5.654644,0.05,0.05,0.01,0.02,RANDOM,2653,28,"BMRN,LASR,GMGI,ELTX,CELC,LAFA,ADAG,CCEC,MESH,NTAP,IRTC,APLS,BFRG,DXCM,ATRO,EYE,HBNB,GTLB,ALLO,PDD,MDRR,NTGR,IROQ,KRRO,CLMB,PFX,LPCN,BTSG,KMB,MBAI"
-0.619649,5.677264,0.09,0.03,0.02,0.01,RANDOM,2653,28,"BRKR,BSAA,GMGI,CMCO,LFMD,FENC,LFUS,PVLA,LNZA,AMCX,DTIL,ANGO,KLTR,AVGO,CVRX,BWIN,LGN,INDP,GRVY,CTBI,LPBBU,BWMN,BGL,CPSS,AXG,NVA,IOBT,EVRG,ARM,BIOA"
-0.661327,5.683008,0.02,0.03,0.01,0.01,RANDOM,2653,28,"AMRX,FUFU,NCEW,CYCU,GMGI,CAPT,OTTR,PUBM,ATLO,ASO,QCRH,IPM,GROW,BANX,NEXT,AEHR,MSTR,QTTB,MKLY,APVO,NSSC,ESOA,GHRS,MRNA,GCMG,JD,FRPH,HSPT,GOAI,ILPT"
-0.664557,5.688896,0.03,0.02,0.02,0.01,RANDOM,2653,28,"LGO,EDAP,GMGI,ADP,LPSN,EOLS,IRD,DWTX,RAIL,BCML,BNTC,IMMX,PMN,LFS,FORM,HNRG,MACI,OSBC,EM,LBRX,EGHT,JRSH,CHEF,DSY,PAYS,NPT,LTRN,MDLZ,KMTS,LCUT"
-0.665828,5.696862,0.11,0.02,0.01,0.01,RANDOM,2653,28,"OCUL,EHGO,BKR,MCBS,LVLU,GMGI,GILT,MFIN,CLMT,IMUX,HUBG,DMLP,HIHO,CLYM,NBTX,LIN,LSBK,ALAB,LECO,CENX,GPRE,ONDS,OCSL,BAER,LRMR,MPLT,DDI,CWD,APAD,INSM"
-0.697235,5.704511,0.11,0.03,0.03,0.01,RANDOM,2653,28,"PAHC,IPGP,CUB,NRXP,PENN,ELOG,GMGI,HSIC,ATER,IMMR,ANGO,FATBB,VRAX,RJET,ITIC,AFYA,AYTU,URBN,COST,IMNN,AIRG,PRAA,LOT,HELP,LEE,BJDX,IPDN,GLPI,BHST,RLYB"
-0.705127,5.740264,0.09,0.04,0.01,0.01,RANDOM,2653,28,"SUIG,GMGI,MLEC,CLMT,HAO,HTCO,BATRK,QS,JL,FEIM,IRTC,ALTI,LBTYB,PASW,FATBB,QUBT,NTLA,BMHL,CHCO,ARKR,AMGN,UTHR,ALF,GLBS,PRTC,IMNN,MKDW,APWC,QUMS,IART"
-0.712256,5.996461,0.0,0.02,0.01,0.01,RANDOM,2653,28,"CAPS,BRKR,PERI,FBGL,GMGI,LVO,AENT,INBK,RXT,CCC,JANX,HHS,ONCY,DSAC,AIFU,LSAK,GTM,ETOR,GGR,APXT,PPCB,CEVA,PDC,HOTH,DHC,KTTA,LUCD,IZM,HWC,GIG"
-0.725499,6.01932,0.01,0.04,0.01,0.01,RANDOM,2653,28,"IBIO,BSAA,EDAP,FKWL,CDIO,HEPS,DOX,CVKD,ROCK,GMGI,PGC,FMBH,CLLS,EXC,KYTX,CSGP,IMG,AMSC,OAKU,BBLG,RIME,LBRDK,HSTM,ACET,CPRX,PATK,ESPR,AMIX,ACIW,HFFG"
-0.750559,6.292139,0.03,0.06,0.01,0.01,RANDOM,2653,28,"RBKB,HURA,VKTX,PENG,CVKD,HLP,GMGI,BGC,RETO,AVAV,MTLS,CRML,KLTR,NVNI,CDNA,BSY,DMAC,MCHB,SCHL,INTZ,LOT,DYAI,BSVN,BEEM,ACNT,BLIV,CACC,LILAK,QNCX,PTGX"
-0.476763,5.644445,0.04,0.02,0.02,0.01,RANDOM,2653,29,"FIBK,NRXP,GMGI,PRVA,CCRN,FRGT,FTHM,FWONA,MLAB,MGIC,OAKU,NTAP,IPEX,MTVA,III,LBRDK,BJRI,GALT,ICCC,ALF,NRSN,EXAS,CLWT,NMRK,SPSC,CTSO,NBIX,LI,FSHP,OVLY"
-0.518334,5.648492,0.05,0.02,0.01,0.01,RANDOM,2653,29,"DNLI,OSPN,APA,CLDX,GMGI,USEG,ACFN,GRWG,PLTR,KPLT,PRTH,KELYA,REE,INOD,CHW,IBOC,RCMT,GGR,OBA,VMD,OFIX,CART,NKLR,CLWT,OSUR,CETX,MTSI,QNTM,JD,CZNC"
-0.597559,5.648871,0.09,0.02,0.03,0.02,RANDOM,2653,29,"GLMD,MGTX,HKPD,GMGI,PCAR,AVT,GEHC,BNTX,GYRO,FRME,IBEX,CYCN,AVPT,AGAE,CNTY,BMEA,ABUS,CODA,EH,FSTR,MCHP,ITIC,UTHR,PDEX,LCFY,BGIN,BEAT,CLWT,MOMO,ADUS"
-0.601228,5.660748,0.01,0.04,0.01,0.01,RANDOM,2653,29,"BRCB,OBIO,MNDO,GMGI,OTTR,CGON,SEV,OAKU,MNOV,GLBE,METCB,APOG,HUIZ,NRIM,FORM,EYE,KLRS,MASK,DVLT,GBLI,DBX,HCHL,KBON,VIRC,NFLX,KG,CSIQ,COEP,GLPI,NEOG"
-0.616527,5.663627,0.02,0.03,0.02,0.02,RANDOM,2653,29,"IMOS,NTHI,FINW,BDSX,PBHC,GMGI,PDYN,EBON,VISN,MMYT,LGIH,BTM,BCTX,FIZZ,FTNT,LSAK,BBGI,LCCC,ALF,FLXS,LLYVA,HUHU,CVGI,AIHS,PSNL,ACNT,LPCN,KYMR,CLBK,BIOA"
-0.649965,5.664585,0.01,0.0,0.02,0.02,RANDOM,2653,29,"FHTX,FCEL,CWBC,GMGI,AIRJ,AXIN,MFIN,CAMP,FWONA,MARA,MESH,MGNX,FTEK,HYNE,POET,GLBS,PEBK,ASRT,ALLR,NCTY,HURC,NTIC,PSNYW,BWAY,ELE,FRD,COFS,QIPT,FSHP,BUUU"
-0.679391,5.711503,0.07,0.0,0.01,0.01,RANDOM,2653,29,"ANY,HELE,SATS,MGTX,IBRX,MRM,GMGI,AMD,CARL,DWTX,PTEN,PROV,FWONA,ESCA,IRDM,ATLC,CURX,LDWY,HNNA,GLDD,AZN,KOYN,FAST,MIRA,MARPS,AGH,CNET,DLXY,CTNT,CURR"
-0.722523,5.833711,0.04,0.02,0.01,0.01,RANDOM,2653,29,"CDNS,ASPS,HLP,LIVE,GMGI,MLEC,AMAL,ONEW,CYN,NXL,NNDM,ALBT,CFLT,EXTR,HBIO,NRDS,ABUS,GRAB,BMHL,FLEX,EFSI,ALLR,BYFC,CNTB,GIII,LUNR,PMTR,FLX,HWC,NKTR"
-0.7427,5.850953,0.02,0.03,0.01,0.01,RANDOM,2653,29,"FHTX,HURA,GMGI,PSNY,ORLY,BZAI,ALBT,DMII,DRTS,BEEP,ESEA,BLFY,BLZR,ATCX,ATAT,PLCE,PSMT,QFIN,BYRN,CHA,RARE,MYPS,NHIC,PBM,ENLV,ASTS,ABTS,EQ,MCW,KBSX"
-0.744396,6.037329,0.1,0.05,0.02,0.01,RANDOM,2653,29,"BTCS,MNTK,MASS,BOXL,NRXP,CETY,GMGI,KMDA,RXT,EMBC,CAC,GABC,SCWO,EQIX,PSMT,LTBR,CECO,EDIT,BAFN,HUT,MLYS,OFS,CRTO,HYMC,GDYN,SFST,CENT,MRTN,ANIK,ADUS"
-0.928159,6.593456,0.0,0.04,0.01,0.01,RANDOM,2653,29,"CRNX,AXGN,GMGI,CLLS,PTLE,MATW,NCI,APLD,FOLD,JANX,BFRG,VCTR,JRVR,FATBB,NCRA,BNR,LOVE,LXRX,PROK,CCHH,AXTI,IMMP,LRMR,AGPU,APWC,INSG,OLB,CHI,LITS,LOPE"
